permno,PERMCO,HSHRCD,DLSTCD,HTICK,HCOMNAM,HTSYMBOL,HNAICS,HPRIMEXC,HTRDSTAT,HSECSTAT,COMPNO,ISSUNO,HEXCD,HSICCD,NUMNAM,NUMSHR,NUMDEL,NUMNDI,BEGDAT,ENDDAT,BEGPRC,ENDPRC,BEGRET,ENDRET,MKTCAPDAY0,ADJPRCDAY0
10104,8045,11,100,ORCL,ORACLE CORP,ORCL,541512,N,A,R,60007998,10536,1,7379,5,322,1,2083,1986-03-12,2024-12-31,1986-03-12,2024-12-31,1986-03-12,2024-12-31,158145708.14999998,38.55
10107,8048,11,100,MSFT,MICROSOFT CORP,MSFT,513210,Q,A,R,60008001,10539,3,7370,3,280,1,2260,1986-03-13,2024-12-31,1986-03-13,2024-12-31,1986-03-13,2024-12-31,483743400.0,62.58
10138,8087,11,100,TROW,T ROWE PRICE GROUP INC,TROW,523940,Q,A,R,60008040,10609,3,6211,7,284,1,1717,1986-04-02,2024-12-31,1986-04-02,2024-12-31,1986-04-02,2024-12-31,18564418.560000002,75.84
10145,22168,11,100,HON,HONEYWELL INTERNATIONAL INC,HON,336412,Q,A,R,60018933,25476,3,3724,19,497,1,96,1925-12-31,2024-12-31,1925-12-31,2024-12-31,1925-12-31,2024-12-31,84983633.12477025,111.50878546796163
10516,20207,11,100,ADM,ARCHER DANIELS MIDLAND CO,ADM,311221,N,A,R,0,0,1,2046,9,532,1,0,1925-12-31,2024-12-31,1925-12-31,2024-12-31,1925-12-31,2024-12-31,26577726.0,46.19
10693,8596,11,100,EHC,ENCOMPASS HEALTH CORP,EHC,622310,N,A,R,60008546,11349,1,8069,9,373,1,88,1986-09-24,2024-12-31,1986-09-24,2024-12-31,1986-09-24,2024-12-31,3002085.9820655053,33.4322907709197
10696,8598,11,100,FI,FISERV INC,FI,518210,N,A,R,60008548,11354,1,7374,4,292,1,1799,1986-09-25,2024-12-31,1986-09-25,2024-12-31,1986-09-25,2024-12-31,23131770.0,53.67
10866,20342,11,100,CAL,CALERES INC,CAL,458210,N,A,R,0,0,1,5661,13,502,1,0,1925-12-31,2024-12-31,1925-12-31,2024-12-31,1925-12-31,2024-12-31,1400371.23,32.61
10874,20344,11,100,BC,BRUNSWICK CORP,BC,333618,N,A,R,0,0,1,3519,10,497,1,0,1925-12-31,2024-12-31,1925-12-31,2024-12-31,1925-12-31,2024-12-31,4967032.2,55.38
10890,21814,11,100,UIS,UNISYS CORP,UIS,541512,N,A,R,0,0,1,7373,11,506,1,0,1925-12-31,2024-12-31,1925-12-31,2024-12-31,1925-12-31,2024-12-31,751245.0,15.0
11308,20468,11,100,KO,COCA COLA CO,KO,311930,N,A,R,0,0,1,2087,7,502,1,0,1925-12-31,2024-12-31,1925-12-31,2024-12-31,1925-12-31,2024-12-31,180281686.2,41.8
11403,9245,11,100,CDNS,CADENCE DESIGN SYSTEMS INC,CDNS,513210,Q,A,R,60018179,24495,3,7372,10,298,1,890,1987-06-10,2024-12-31,1987-06-10,2024-12-31,1987-06-10,2024-12-31,7047028.66,25.34
11404,20499,11,100,ED,CONSOLIDATED EDISON INC,ED,221118,N,A,R,0,0,1,4931,11,500,1,0,1925-12-31,2024-12-31,1925-12-31,2024-12-31,1925-12-31,2024-12-31,22437122.639999997,73.63
11533,9360,11,100,FICO,FAIR ISAAC CORP,FICO,561499,N,A,R,60009304,12449,1,7389,13,395,1,47,1987-07-22,2024-12-31,1987-07-22,2024-12-31,1987-07-22,2024-12-31,3718179.97,120.17
11600,9424,11,100,XRAY,DENTSPLY SIRONA INC,XRAY,339114,Q,A,R,60009368,12540,3,3840,4,274,1,1686,1987-08-12,2024-12-31,1987-08-12,2024-12-31,1987-08-12,2024-12-31,13488462.0,58.62
11618,9440,11,100,FAST,FASTENAL CO,FAST,423840,Q,A,R,60009384,12569,3,5200,5,288,1,1851,1987-08-20,2024-12-31,1987-08-20,2024-12-31,1987-08-20,2024-12-31,13576155.9,23.475
11674,20574,11,100,DTE,D T E ENERGY CO,DTE,221118,N,A,R,0,0,1,4911,8,509,1,0,1925-12-31,2024-12-31,1925-12-31,2024-12-31,1925-12-31,2024-12-31,14836205.485645201,82.68289623342827
11850,20678,11,100,XOM,EXXON MOBIL CORP,XOM,211120,N,A,R,0,0,1,1311,10,508,1,0,1925-12-31,2024-12-31,1925-12-31,2024-12-31,1925-12-31,2024-12-31,376892926.77,90.89
11891,9764,11,100,MGM,M G M RESORTS INTERNATIONAL,MGM,721110,N,A,R,60009700,13015,1,7011,10,408,1,24,1988-05-02,2024-12-31,1988-05-02,2024-12-31,1988-05-02,2024-12-31,16902859.16,29.48
11955,9804,11,100,WM,WASTE MANAGEMENT INC DEL,WM,562219,N,A,R,60009739,13069,1,4953,7,401,1,133,1988-06-03,2024-12-31,1988-06-03,2024-12-31,1988-06-03,2024-12-31,31170051.56,70.52
11990,53463,11,100,KKR,K K R & CO INC,KKR,523940,N,A,R,0,0,1,6282,8,183,1,0,2010-07-15,2024-12-31,2010-07-15,2024-12-31,2010-07-15,2024-12-31,7116075.73,15.83
12052,20791,11,100,GD,GENERAL DYNAMICS CORP,GD,336411,N,A,R,0,0,1,3721,8,489,1,0,1926-01-28,2024-12-31,1926-01-28,2024-12-31,1926-01-28,2024-12-31,53428034.0,175.45
12060,20792,11,100,GE,GENERAL ELECTRIC CO,GE,333611,N,A,R,0,0,1,3511,11,492,1,0,1925-12-31,2024-12-31,1925-12-31,2024-12-31,1925-12-31,2024-12-31,173333147.2894099,156.74927041598656
12062,9848,11,100,LH,LABCORP HOLDINGS INC,LH,621511,N,A,R,60009782,13132,1,8071,10,406,1,52,1988-07-07,2024-12-31,1988-07-07,2024-12-31,1988-07-07,2024-12-31,11301381.859759338,109.722153978246
12308,17322,11,100,CHTR,CHARTER COMMUNICATIONS INC NEW,CHTR,516210,Q,A,R,60017317,65347,3,4841,5,82,1,512,2010-09-14,2024-12-31,2010-09-14,2024-12-31,2010-09-14,2024-12-31,76842978.77102,285.76999
12369,53554,11,100,GM,GENERAL MOTORS CO,GM,336110,N,A,R,0,0,1,3711,2,172,1,0,2010-11-18,2024-12-31,2010-11-18,2024-12-31,2010-11-18,2024-12-31,53672397.949999996,35.15
12449,53610,11,100,CPAY,CORPAY INC,CPAY,561499,N,A,R,0,0,1,7389,3,172,1,0,2010-12-15,2024-12-31,2010-12-15,2024-12-31,2010-12-15,2024-12-31,13422361.87208,144.64999
12476,53621,11,100,TRGP,TARGA RESOURCES CORP,TRGP,486210,N,A,R,0,0,1,4922,3,172,1,0,2010-12-07,2024-12-31,2010-12-07,2024-12-31,2010-12-07,2024-12-31,10484349.459999999,57.98
12490,20990,11,100,IBM,INTERNATIONAL BUSINESS MACHS COR,IBM,334111,N,A,R,0,0,1,3571,8,535,1,0,1925-12-31,2024-12-31,1925-12-31,2024-12-31,1925-12-31,2024-12-31,152323462.06656015,160.1963097071164
12558,53667,11,100,KMI,KINDER MORGAN INC,KMI,221210,N,A,R,0,0,1,4924,4,171,1,0,2011-02-11,2024-12-31,2011-02-11,2024-12-31,2011-02-11,2024-12-31,48241386.04,21.61
12570,20964,11,100,ITT,I T T INC,ITT,333996,N,A,R,0,0,1,3594,17,510,1,0,1925-12-31,2024-12-31,1925-12-31,2024-12-31,1925-12-31,2024-12-31,3453911.9999999995,39.16
12591,53688,11,100,APO,APOLLO GLOBAL MANAGEMENT INC NEW,APO,523940,N,A,R,0,0,1,6282,5,171,1,0,2011-03-30,2024-12-31,2011-03-30,2024-12-31,2011-03-30,2024-12-31,3650246.4,19.68
12622,53696,11,100,HCA,H C A HEALTHCARE INC,HCA,622110,N,A,R,0,0,1,8062,4,170,1,0,2011-03-10,2024-12-31,2011-03-10,2024-12-31,2011-03-10,2024-12-31,27899119.56,74.46
12623,53697,11,100,HII,HUNTINGTON INGALLS INDS INC,HII,336611,N,A,R,0,0,1,3731,4,168,1,0,2011-03-31,2024-12-31,2011-03-31,2024-12-31,2011-03-31,2024-12-31,8765492.3,189.05
12872,53810,11,100,MPC,MARATHON PETROLEUM CORP,MPC,324110,N,A,R,0,0,1,2911,1,164,1,0,2011-07-01,2024-12-31,2011-07-01,2024-12-31,2011-07-01,2024-12-31,27937247.95,52.93
12981,53876,11,100,FBIN,FORTUNE BRANDS INNOVATIONS INC,FBIN,332510,N,A,R,0,0,1,3429,6,165,1,0,2011-10-04,2024-12-31,2011-10-04,2024-12-31,2011-10-04,2024-12-31,7335351.824310139,47.53738861043335
13035,53896,11,100,XYL,XYLEM INC,XYL,333914,N,A,R,0,0,1,3561,4,162,1,0,2011-11-01,2024-12-31,2011-11-01,2024-12-31,2011-11-01,2024-12-31,8906961.75,49.65
13168,53964,11,100,TRIP,TRIPADVISOR INC,TRIP,561510,Q,A,R,60071646,69412,3,9999,2,118,1,508,2011-12-21,2024-12-31,2011-12-21,2024-12-31,2011-12-21,2024-12-31,6238585.609999999,47.51
13210,53983,11,100,EPAM,EPAM SYSTEMS INC,EPAM,541511,N,A,R,0,0,1,7371,3,158,1,0,2012-02-08,2024-12-31,2012-02-08,2024-12-31,2012-02-08,2024-12-31,3248951.76,63.66
13323,54026,11,100,ENPH,ENPHASE ENERGY INC,ENPH,334413,Q,A,R,60071358,68868,3,9999,2,122,1,470,2012-03-30,2024-12-31,2012-03-30,2024-12-31,2012-03-30,2024-12-31,65382.450000000004,1.05
13356,54048,11,100,PSX,PHILLIPS 66,PSX,324110,N,A,R,0,0,1,2911,5,157,1,0,2012-05-01,2024-12-31,2012-05-01,2024-12-31,2012-05-01,2024-12-31,45204571.5,86.79
13407,54084,11,100,META,META PLATFORMS INC,META,519290,Q,A,R,60072175,70352,3,7375,6,111,1,627,2012-05-18,2024-12-31,2012-05-18,2024-12-31,2012-05-18,2024-12-31,275088440.0,116.86
13447,54109,11,100,NOW,SERVICENOW INC,NOW,541512,N,A,R,0,0,1,7379,6,156,1,0,2012-06-29,2024-12-31,2012-06-29,2024-12-31,2012-06-29,2024-12-31,12560392.26,75.66
13511,54139,11,100,PANW,PALO ALTO NETWORKS INC,PANW,334118,Q,A,R,60072477,70893,3,7371,6,151,1,71,2012-07-20,2024-12-31,2012-07-20,2024-12-31,2012-07-20,2024-12-31,11638620.84,21.156666666666666
13628,54213,11,100,WDAY,WORKDAY INC,WDAY,541511,Q,A,R,60072710,71323,3,7372,5,126,1,213,2012-10-12,2024-12-31,2012-10-12,2024-12-31,2012-10-12,2024-12-31,8547500.0,68.38
13641,54222,11,100,FANG,DIAMONDBACK ENERGY INC,FANG,211120,Q,A,R,2003649,70296,3,9999,3,120,1,403,2012-10-12,2024-12-31,2012-10-12,2024-12-31,2012-10-12,2024-12-31,9307368.0,103.25
13688,21356,11,100,PCG,P G & E CORP,PCG,221118,N,A,R,0,0,1,4931,13,533,1,0,1925-12-31,2024-12-31,1925-12-31,2024-12-31,1925-12-31,2024-12-31,30527116.79,60.37
13721,54287,11,100,ABBV,ABBVIE INC,ABBV,325412,N,A,R,0,0,1,2834,1,145,1,0,2013-01-02,2024-12-31,2013-01-02,2024-12-31,2013-01-02,2024-12-31,101422428.58999999,62.41
13788,54327,11,100,ZTS,ZOETIS INC,ZTS,325412,N,A,R,0,0,1,2834,3,146,1,0,2013-02-01,2024-12-31,2013-02-01,2024-12-31,2013-02-01,2024-12-31,26464510.470000003,53.59
13856,21384,11,100,PEP,PEPSICO INC,PEP,312111,Q,A,R,60019752,26463,3,2086,8,595,1,139,1925-12-31,2024-12-31,1925-12-31,2024-12-31,1925-12-31,2024-12-31,150087250.95000002,104.65
13901,21398,11,100,MO,ALTRIA GROUP INC,MO,312230,N,A,R,0,0,1,2111,15,511,1,0,1925-12-31,2024-12-31,1925-12-31,2024-12-31,1925-12-31,2024-12-31,131896827.72999999,67.63
13911,54401,11,100,IQV,IQVIA HOLDINGS INC,IQV,541715,N,A,R,0,0,1,8731,7,147,1,0,2013-05-09,2024-12-31,2013-05-09,2024-12-31,2013-05-09,2024-12-31,18938781.26,76.93
13928,21401,11,100,COP,CONOCOPHILLIPS,COP,213112,N,A,R,0,0,1,1382,9,504,1,0,1925-12-31,2024-12-31,1925-12-31,2024-12-31,1925-12-31,2024-12-31,62707156.47,50.61
13936,21402,11,100,PVH,P V H CORP,PVH,315250,N,A,R,0,0,1,2321,11,526,1,0,1925-12-31,2024-12-31,1925-12-31,2024-12-31,1925-12-31,2024-12-31,7211620.680000001,90.98
13949,54426,11,100,CDW,C D W CORP NEW,CDW,541511,Q,A,R,60073312,72505,3,9999,1,109,1,309,2013-06-27,2024-12-31,2013-06-27,2024-12-31,2013-06-27,2024-12-31,8261862.0,51.54
13963,54433,11,100,NWSA,NEWS CORP NEW,NWSA,513110,Q,A,R,60073265,72417,3,9999,2,104,1,251,2013-07-01,2024-12-31,2013-07-01,2024-12-31,2013-07-01,2024-12-31,4462949.75,11.69
13983,54444,11,100,COTY,COTY INC,COTY,325620,N,A,R,0,0,1,2844,3,142,1,0,2013-06-13,2024-12-31,2013-06-13,2024-12-31,2013-06-13,2024-12-31,13933850.410000002,18.67
14008,216,11,100,AMGN,AMGEN INC,AMGN,325414,Q,A,R,60000215,298,3,2830,8,300,1,2646,1983-06-17,2024-12-31,1983-06-17,2024-12-31,1983-06-17,2024-12-31,111268885.99999999,150.73
14338,54672,11,100,HLT,HILTON WORLDWIDE HOLDINGS INC,HLT,721110,N,A,R,0,0,1,7011,2,135,1,0,2013-12-12,2024-12-31,2013-12-12,2024-12-31,2013-12-12,2024-12-31,18787104.013840184,56.943156634220784
14541,20440,11,100,CVX,CHEVRON CORP NEW,CVX,324110,N,A,R,0,0,1,2911,12,501,1,0,1925-12-31,2024-12-31,1925-12-31,2024-12-31,1925-12-31,2024-12-31,222473576.64999998,117.85
14579,54812,11,100,PAYC,PAYCOM SOFTWARE INC,PAYC,541511,N,A,R,0,0,1,7371,5,134,1,0,2014-04-15,2024-12-31,2014-04-15,2024-12-31,2014-04-15,2024-12-31,2793358.17,46.47
14593,7,11,100,AAPL,APPLE INC,AAPL,334220,Q,A,R,60000006,8,3,3571,5,306,1,2761,1980-12-12,2024-12-31,1980-12-12,2024-12-31,1980-12-12,2024-12-31,610695328.4,29.0375
14601,54824,11,100,NAVI,NAVIENT CORP,NAVI,523150,Q,A,R,60074151,73990,3,9999,6,59,1,179,2014-05-01,2024-12-31,2014-05-01,2024-12-31,2014-05-01,2024-12-31,4836420.0,16.62
14702,194,11,100,AMAT,APPLIED MATERIALS INC,AMAT,333248,Q,A,R,60000193,262,3,3550,9,251,1,2380,1972-12-14,2024-12-31,1972-12-14,2024-12-31,1972-12-14,2024-12-31,34370634.0,31.94
14714,54907,11,100,ANET,ARISTA NETWORKS INC,ANET,334118,N,A,R,0,0,1,3577,2,130,1,0,2014-06-06,2024-12-31,2014-06-06,2024-12-31,2014-06-06,2024-12-31,6814485.54,6.06625
14776,54936,11,100,SYF,SYNCHRONY FINANCIAL,SYF,522110,N,A,R,0,0,1,6021,5,130,1,0,2014-07-31,2024-12-31,2014-07-31,2024-12-31,2014-07-31,2024-12-31,30591769.96,37.06
14795,21758,11,100,TKR,TIMKEN CO,TKR,332991,N,A,R,0,0,1,3562,8,491,1,0,1925-12-31,2024-12-31,1925-12-31,2024-12-31,1925-12-31,2024-12-31,3186524.25,40.95
14882,55000,11,100,CZR,CAESARS ENTERTAINMENT INC DE,CZR,711219,Q,A,R,2003912,74191,3,9999,4,94,1,291,2014-09-22,2024-12-31,2014-09-22,2024-12-31,2014-09-22,2024-12-31,803157.3,17.05
14889,55006,11,100,CFG,CITIZENS FINANCIAL GROUP INC,CFG,522110,N,A,R,0,0,1,6022,6,130,1,0,2014-09-24,2024-12-31,2014-09-24,2024-12-31,2014-09-24,2024-12-31,18355945.08,35.86
14939,55033,11,100,KEYS,KEYSIGHT TECHNOLOGIES INC,KEYS,334513,N,A,R,0,0,1,3823,2,124,1,0,2014-11-03,2024-12-31,2014-11-03,2024-12-31,2014-11-03,2024-12-31,6220024.600000001,36.28
15202,21876,11,100,VMC,VULCAN MATERIALS CO,VMC,212313,N,A,R,0,0,1,1423,11,485,1,0,1925-12-31,2024-12-31,1925-12-31,2024-12-31,1925-12-31,2024-12-31,16490993.76,124.64
15272,55214,11,100,SEDG,SOLAREDGE TECHNOLOGIES INC,SEDG,334413,Q,A,R,60075181,75877,3,9999,1,88,1,385,2015-03-26,2024-12-31,2015-03-26,2024-12-31,2015-03-26,2024-12-31,544618.7999999999,13.2
15291,55229,11,100,ETSY,ETSY INC,ETSY,459999,Q,A,R,60075245,75997,3,9999,3,86,1,247,2015-04-16,2024-12-31,2015-04-16,2024-12-31,2015-04-16,2024-12-31,1377759.24,11.88
15315,55241,11,100,GDDY,GODADDY INC,GDDY,541512,N,A,R,0,0,1,7373,1,118,1,0,2015-04-01,2024-12-31,2015-04-01,2024-12-31,2015-04-01,2024-12-31,3124392.6799999997,35.72
15408,55296,11,100,KHC,KRAFT HEINZ CO,KHC,311513,Q,A,R,60075346,76177,3,9999,1,85,1,354,2015-07-06,2024-12-31,2015-07-06,2024-12-31,2015-07-06,2024-12-31,106478144.28,87.53
15456,21936,11,100,FL,FOOT LOCKER INC,FL,458210,N,A,R,0,0,1,5661,14,493,1,0,1925-12-31,2024-12-31,1925-12-31,2024-12-31,1925-12-31,2024-12-31,9494541.450000001,71.73
15488,55341,11,100,PYPL,PAYPAL HOLDINGS INC,PYPL,561499,Q,A,R,60075282,76069,3,9999,3,86,1,289,2015-07-20,2024-12-31,2015-07-20,2024-12-31,2015-07-20,2024-12-31,48581750.0,40.25
15579,21737,11,100,TXN,TEXAS INSTRUMENTS INC,TXN,334413,Q,A,R,60020380,27242,3,3674,7,455,1,409,1926-02-11,2024-12-31,1926-02-11,2024-12-31,1926-02-11,2024-12-31,73284502.72,73.58
15707,55421,11,100,HPE,HEWLETT PACKARD ENTERPRISE CO,HPE,513210,N,A,R,0,0,1,7372,5,115,1,0,2015-11-02,2024-12-31,2015-11-02,2024-12-31,2015-11-02,2024-12-31,22654756.420521032,13.607955961839068
15720,21543,11,100,EIX,EDISON INTERNATIONAL,EIX,221118,N,A,R,0,0,1,4911,10,496,1,0,1926-05-27,2024-12-31,1926-05-27,2024-12-31,1926-05-27,2024-12-31,23376939.25,71.75
15850,55487,11,100,MTCH,MATCH GROUP INC NEW,MTCH,561499,Q,A,R,60011790,81645,3,9999,6,88,1,236,2015-11-19,2024-12-31,2015-11-19,2024-12-31,2015-11-19,2024-12-31,793662.0099999999,16.765018864273966
16087,55585,11,100,FTV,FORTIVE CORP,FTV,334513,N,A,R,0,0,1,3823,4,105,1,0,2016-07-05,2024-12-31,2016-07-05,2024-12-31,2016-07-05,2024-12-31,15999886.713928768,46.27735579130144
16431,55778,11,100,LW,LAMB WESTON HOLDINGS INC,LW,311412,N,A,R,0,0,1,2038,1,99,1,0,2016-11-10,2024-12-31,2016-11-10,2024-12-31,2016-11-10,2024-12-31,5473540.0,37.49
16432,20834,11,100,GT,GOODYEAR TIRE & RUBBER CO,GT,326211,Q,A,R,60018856,25366,3,3011,6,454,1,269,1927-08-05,2024-12-31,1927-08-05,2024-12-31,1927-08-05,2024-12-31,7859880.0,31.19
16600,20906,11,100,HSY,HERSHEY CO,HSY,311351,N,A,R,0,0,1,2066,7,476,1,0,1927-12-01,2024-12-31,1927-12-01,2024-12-31,1927-12-01,2024-12-31,15755311.200000001,103.92
16678,21068,11,100,KR,KROGER CO,KR,445110,N,A,R,0,0,1,5411,7,503,1,0,1928-01-26,2024-12-31,1928-01-26,2024-12-31,1928-01-26,2024-12-31,31633575.0,33.72
17005,21185,11,100,CVS,C V S HEALTH CORP,CVS,456110,N,A,R,0,0,1,5912,12,501,1,0,1928-09-27,2024-12-31,1928-09-27,2024-12-31,1928-09-27,2024-12-31,85688373.64999999,80.35
17144,20798,11,100,GIS,GENERAL MILLS INC,GIS,311999,N,A,R,0,0,1,2099,8,498,1,0,1928-11-30,2024-12-31,1928-11-30,2024-12-31,1928-11-30,2024-12-31,36012882.99,62.09
17478,21179,11,100,SPGI,S & P GLOBAL INC,SPGI,523940,N,A,R,0,0,1,6282,17,505,1,0,1929-02-14,2024-12-31,1929-02-14,2024-12-31,1929-02-14,2024-12-31,28083849.0,108.39
17726,20537,11,100,CCK,CROWN HOLDINGS INC,CCK,332431,N,A,R,0,0,1,3411,6,498,1,0,1929-05-09,2024-12-31,1929-05-09,2024-12-31,1929-05-09,2024-12-31,7431608.52,53.16
17743,544,11,100,WRB,BERKLEY W R CORP,WRB,524126,N,A,R,60000543,711,1,6331,8,401,1,792,1973-10-23,2024-12-31,1973-10-23,2024-12-31,1973-10-23,2024-12-31,8094298.679999999,19.759999999999998
17750,21055,11,100,KMB,KIMBERLY CLARK CORP,KMB,322291,N,A,R,0,0,1,2676,10,506,1,0,1929-05-09,2024-12-31,1929-05-09,2024-12-31,1929-05-09,2024-12-31,41030236.800000004,114.56
17830,21832,11,100,RTX,R T X CORP,RTX,336412,N,A,R,0,0,1,3724,13,504,1,0,1929-04-11,2024-12-31,1929-04-11,2024-12-31,1929-04-11,2024-12-31,50342678.85375603,61.13955795045947
18163,21446,11,100,PG,PROCTER & GAMBLE CO,PG,325620,N,A,R,0,0,1,2844,8,503,1,0,1929-08-12,2024-12-31,1929-08-12,2024-12-31,1929-08-12,2024-12-31,225318610.6,84.2
18411,21640,11,100,SO,SOUTHERN CO,SO,221118,N,A,R,0,0,1,4911,8,498,1,0,1929-10-10,2024-12-31,1929-10-10,2024-12-31,1929-10-10,2024-12-31,48098333.92,49.04
18542,20408,11,100,CAT,CATERPILLAR INC,CAT,333120,N,A,R,0,0,1,3531,10,504,1,0,1929-12-02,2024-12-31,1929-12-02,2024-12-31,1929-12-02,2024-12-31,54991011.269999996,93.99
18729,20473,11,100,CL,COLGATE PALMOLIVE CO,CL,325620,N,A,R,0,0,1,2844,8,507,1,0,1930-03-13,2024-12-31,1930-03-13,2024-12-31,1930-03-13,2024-12-31,58254770.220000006,65.54
19166,20681,11,100,FMC,F M C CORP,FMC,325180,N,A,R,0,0,1,2812,12,489,1,0,1931-04-22,2024-12-31,1931-04-22,2024-12-31,1931-04-22,2024-12-31,6642951.968341524,49.63390318473333
19350,20566,11,100,DE,DEERE & CO,DE,333111,N,A,R,0,0,1,3523,6,487,1,0,1933-06-29,2024-12-31,1933-06-29,2024-12-31,1933-06-29,2024-12-31,32970635.65,104.05
19393,20331,11,100,BMY,BRISTOL MYERS SQUIBB CO,BMY,325412,N,A,R,0,0,1,2834,8,493,1,0,1933-09-08,2024-12-31,1933-09-08,2024-12-31,1933-09-08,2024-12-31,99354623.5,59.45
19502,21881,11,100,WBA,WALGREENS BOOTS ALLIANCE INC,WBA,456110,Q,A,R,60020528,27423,3,5912,8,447,1,313,1934-02-15,2024-12-31,1934-02-15,2024-12-31,1934-02-15,2024-12-31,89547853.6,82.96
19561,20315,11,100,BA,BOEING CO,BA,336411,N,A,R,0,0,1,3721,7,501,1,0,1934-09-05,2024-12-31,1934-09-05,2024-12-31,1934-09-05,2024-12-31,96876547.02,156.97
20053,781,11,100,SNV,SYNOVUS FINANCIAL CORP,SNV,522110,N,A,R,60000780,999,1,6022,10,446,1,38,1978-08-10,2024-12-31,1978-08-10,2024-12-31,1978-08-10,2024-12-31,5036272.82,41.18
20415,21097,11,100,JEF,JEFFERIES FINANCIAL GROUP INC,JEF,523150,N,A,R,0,0,1,6211,18,492,1,0,1937-01-08,2024-12-31,1937-01-08,2024-12-31,1937-01-08,2024-12-31,7478212.256636419,20.771542451951323
20482,20017,11,100,ABT,ABBOTT LABORATORIES,ABT,325412,N,A,R,0,0,1,2834,9,492,1,0,1937-03-01,2024-12-31,1937-03-01,2024-12-31,1937-03-01,2024-12-31,57493705.49999999,39.05
21020,20010,11,100,AAL,AMERICAN AIRLINES GROUP INC,AAL,481111,Q,A,R,60017848,73578,3,4512,9,423,1,420,1939-06-10,2024-12-31,1939-06-10,2024-12-31,1939-06-10,2024-12-31,23487712.2,46.3
21178,21110,11,100,LMT,LOCKHEED MARTIN CORP,LMT,336414,N,A,R,0,0,1,3761,10,486,1,0,1939-12-09,2024-12-31,1939-12-09,2024-12-31,1939-12-09,2024-12-31,74214003.87,253.31
21207,21286,11,100,NEM,NEWMONT CORP,NEM,212220,N,A,R,0,0,1,1041,9,489,1,0,1940-01-27,2024-12-31,1940-01-27,2024-12-31,1940-01-27,2024-12-31,18379872.5,34.63
21371,6262,11,100,CAH,CARDINAL HEALTH INC,CAH,424210,N,A,R,60006237,7868,1,5122,9,428,1,218,1983-08-04,2024-12-31,1983-08-04,2024-12-31,1983-08-04,2024-12-31,23838292.240000002,74.48
21573,20994,11,100,IP,INTERNATIONAL PAPER CO,IP,322120,N,A,R,0,0,1,2621,9,518,1,0,1928-11-19,2024-12-31,1928-11-19,2024-12-31,1928-11-19,2024-12-31,20783963.74418149,50.543061002890205
21776,21396,11,100,EXC,EXELON CORP,EXC,221118,Q,A,R,60059224,26438,3,4911,14,480,1,68,1943-07-06,2024-12-31,1943-07-06,2024-12-31,1943-07-06,2024-12-31,23005392.233224194,24.917296384832383
21792,20939,11,100,CNP,CENTERPOINT ENERGY INC,CNP,221210,N,A,R,0,0,1,4924,17,497,1,0,1943-08-16,2024-12-31,1943-08-16,2024-12-31,1943-08-16,2024-12-31,10590470.38,24.59
21936,21394,11,100,PFE,PFIZER INC,PFE,325412,N,A,R,0,0,1,2834,8,485,1,0,1944-01-17,2024-12-31,1944-01-17,2024-12-31,1944-01-17,2024-12-31,189590132.50575617,31.242426078526414
22103,20643,11,100,EMR,EMERSON ELECTRIC CO,EMR,332911,N,A,R,0,0,1,3491,11,488,1,0,1944-09-05,2024-12-31,1944-09-05,2024-12-31,1944-09-05,2024-12-31,36701427.5,56.95
22111,21018,11,100,JNJ,JOHNSON & JOHNSON,JNJ,339112,N,A,R,0,0,1,3841,9,496,1,0,1944-09-25,2024-12-31,1944-09-25,2024-12-31,1944-09-25,2024-12-31,315146426.88,115.84
22293,20523,11,100,GLW,CORNING INC,GLW,327212,N,A,R,0,0,1,3229,10,483,1,0,1945-05-21,2024-12-31,1945-05-21,2024-12-31,1945-05-21,2024-12-31,23114767.5,24.3
22509,21351,11,100,PPG,P P G INDUSTRIES INC,PPG,325510,N,A,R,0,0,1,2851,7,483,1,0,1945-12-17,2024-12-31,1945-12-17,2024-12-31,1945-12-17,2024-12-31,25145523.75,95.25
22517,21376,11,100,PPL,P P L CORP,PPL,221118,N,A,R,0,0,1,4911,12,490,1,0,1945-12-03,2024-12-31,1945-12-03,2024-12-31,1945-12-03,2024-12-31,23127706.810000002,34.03
22592,21205,11,100,MMM,3M CO,MMM,339112,N,A,R,0,0,1,3841,14,489,1,0,1946-01-14,2024-12-31,1946-01-14,2024-12-31,1946-01-14,2024-12-31,90468516.93533537,150.41335160314193
22752,21188,11,100,MRK,MERCK & CO INC NEW,MRK,325412,N,A,R,0,0,1,2834,8,479,1,0,1946-05-15,2024-12-31,1946-05-15,2024-12-31,1946-05-15,2024-12-31,157935444.41703862,57.282386451834704
22779,21230,11,100,MSI,MOTOROLA SOLUTIONS INC,MSI,334220,N,A,R,0,0,1,3663,10,492,1,0,1946-05-20,2024-12-31,1946-05-20,2024-12-31,1946-05-20,2024-12-31,13874506.799999999,83.6
23026,21326,11,100,FE,FIRSTENERGY CORP,FE,221118,N,A,R,0,0,1,4911,8,489,1,0,1946-09-13,2024-12-31,1946-09-13,2024-12-31,1946-09-13,2024-12-31,13190920.95,30.95
23229,20361,11,100,CMS,C M S ENERGY CORP,CMS,221118,N,A,R,0,0,1,4931,10,486,1,0,1947-02-03,2024-12-31,1947-02-03,2024-12-31,1947-02-03,2024-12-31,11624579.24,41.53
23393,1103,11,100,CHD,CHURCH & DWIGHT INC,CHD,325611,N,A,R,60001102,1421,1,2841,5,441,1,157,1976-12-30,2024-12-31,1976-12-30,2024-12-31,1976-12-30,2024-12-31,11466501.360000001,44.34
23473,912,11,100,CINF,CINCINNATI FINANCIAL CORP,CINF,524113,Q,A,R,60000911,1169,3,6330,6,321,1,1862,1972-12-14,2024-12-31,1972-12-14,2024-12-31,1972-12-14,2024-12-31,12459876.000000002,75.79
23536,21931,11,100,WEC,W E C ENERGY GROUP INC,WEC,221118,N,A,R,0,0,1,4911,11,486,1,0,1947-11-21,2024-12-31,1947-11-21,2024-12-31,1947-11-21,2024-12-31,18460438.330000002,58.49
23579,21743,11,100,TXT,TEXTRON INC,TXT,336411,N,A,R,0,0,1,3721,13,477,1,0,1947-12-22,2024-12-31,1947-12-22,2024-12-31,1947-12-22,2024-12-31,13307744.0,49.25
23660,6304,11,100,CTAS,CINTAS CORP,CTAS,315250,Q,A,R,60006279,7937,3,2320,8,298,1,1560,1983-08-19,2024-12-31,1983-08-19,2024-12-31,1983-08-19,2024-12-31,12218136.479999999,29.08
23712,21458,11,100,PEG,PUBLIC SERVICE ENTERPRISE GP INC,PEG,221118,N,A,R,0,0,1,4931,8,493,1,0,1948-03-31,2024-12-31,1948-03-31,2024-12-31,1948-03-31,2024-12-31,21950827.44,43.39
23819,20868,11,100,HAL,HALLIBURTON CO,HAL,213112,N,A,R,0,0,1,1389,6,474,1,0,1948-09-15,2024-12-31,1948-09-15,2024-12-31,1948-09-15,2024-12-31,48132687.36,55.68
23931,21300,11,100,XEL,X C E L ENERGY INC,XEL,221118,Q,A,R,60019606,26264,3,4911,11,460,1,124,1949-02-28,2024-12-31,1949-02-28,2024-12-31,1949-02-28,2024-12-31,20633050.86,40.62
24010,21201,11,100,ETR,ENTERGY CORP NEW,ETR,221118,N,A,R,0,0,1,4911,14,486,1,0,1949-05-31,2024-12-31,1949-05-31,2024-12-31,1949-05-31,2024-12-31,13065596.32,36.47
24053,21035,11,100,EVRG,EVERGY INC,EVRG,221118,Q,A,R,60076721,79426,3,4931,14,468,1,21,1949-07-22,2024-12-31,1949-07-22,2024-12-31,1949-07-22,2024-12-31,7968373.2,56.2
24109,20077,11,100,AEP,AMERICAN ELECTRIC POWER CO INC,AEP,221118,Q,A,R,60017770,23978,3,4911,10,481,1,85,1949-09-01,2024-12-31,1949-09-01,2024-12-31,1949-09-01,2024-12-31,30859845.119999997,62.76
24205,20684,11,100,NEE,NEXTERA ENERGY INC,NEE,221118,N,A,R,0,0,1,4911,11,472,1,0,1950-02-15,2024-12-31,1950-02-15,2024-12-31,1950-02-15,2024-12-31,55474056.96,29.68
24272,20222,11,100,ASH,ASHLAND INC 2022,ASH,424690,N,A,R,0,0,1,5169,20,496,1,0,1950-05-08,2024-12-31,1950-05-08,2024-12-31,1950-05-08,2024-12-31,3391566.978211823,54.51540639756679
24328,20662,11,100,EQT,E Q T CORP,EQT,211120,N,A,R,0,0,1,1311,11,473,1,0,1950-06-05,2024-12-31,1950-06-05,2024-12-31,1950-06-05,2024-12-31,5824260.423030353,33.71340501181047
24459,21411,11,100,PBI,PITNEY BOWES INC,PBI,561311,N,A,R,0,0,1,7361,9,480,1,0,1950-09-18,2024-12-31,1950-09-18,2024-12-31,1950-09-18,2024-12-31,2946137.7399999998,15.86
24643,20060,11,100,HWM,HOWMET AEROSPACE INC,HWM,331318,N,A,R,0,0,1,3355,11,480,1,0,1951-06-11,2024-12-31,1951-06-11,2024-12-31,1951-06-11,2024-12-31,8414392.82,19.19
24766,21303,11,100,NOC,NORTHROP GRUMMAN CORP,NOC,334511,N,A,R,0,0,1,3812,8,478,1,0,1951-12-10,2024-12-31,1951-12-10,2024-12-31,1951-12-10,2024-12-31,41402181.18,234.89
24985,21808,11,100,AEE,AMEREN CORP,AEE,221118,N,A,R,0,0,1,4911,9,479,1,0,1952-12-15,2024-12-31,1952-12-15,2024-12-31,1952-12-15,2024-12-31,12709221.3,52.38
25081,1261,11,100,CMA,COMERICA INC,CMA,522110,N,A,R,60001260,1617,1,6021,8,453,1,124,1972-12-14,2024-12-31,1972-12-14,2024-12-31,1972-12-14,2024-12-31,11879256.479999999,68.96
25232,21332,11,100,OKE,ONEOK INC NEW,OKE,221210,N,A,R,0,0,1,4924,10,476,1,0,1954-05-24,2024-12-31,1954-05-24,2024-12-31,1954-05-24,2024-12-31,12368167.5,58.75
25320,20384,11,100,CPB,CAMPBELLS CO,CPB,311412,Q,A,R,60018300,24659,3,2000,9,468,1,5,1954-12-13,2024-12-31,1954-12-13,2024-12-31,1954-12-13,2024-12-31,18619633.28,60.64
25419,21916,11,100,WHR,WHIRLPOOL CORP,WHR,335220,N,A,R,0,0,1,3639,8,471,1,0,1955-01-03,2024-12-31,1955-01-03,2024-12-31,1955-01-03,2024-12-31,13739505.68892,182.92999
25487,6391,11,100,CAR,AVIS BUDGET GROUP INC,CAR,532111,Q,A,R,60062503,53938,3,6531,13,397,1,498,1983-09-14,2024-12-31,1983-09-14,2024-12-31,1983-09-14,2024-12-31,3222420.0,37.47
25582,20883,11,100,LHX,L3HARRIS TECHNOLOGIES INC,LHX,334511,N,A,R,0,0,1,3812,10,471,1,0,1955-07-13,2024-12-31,1955-07-13,2024-12-31,1955-07-13,2024-12-31,12765733.44,102.72
25785,20750,11,100,F,FORD MOTOR CO DEL,F,336110,N,A,R,0,0,1,3711,8,448,1,0,1956-03-07,2024-12-31,1956-03-07,2024-12-31,1956-03-07,2024-12-31,49137045.17,12.59
25953,20596,11,100,DOV,DOVER CORP,DOV,333415,N,A,R,0,0,1,3585,9,467,1,0,1956-12-03,2024-12-31,1956-12-03,2024-12-31,1956-12-03,2024-12-31,9377050.399319448,60.361966432048554
26403,20587,11,100,DIS,DISNEY WALT CO,DIS,713110,N,A,R,0,0,1,7996,13,486,1,0,1957-11-12,2024-12-31,1957-11-12,2024-12-31,1957-11-12,2024-12-31,168822182.88,106.08
26607,4255,11,100,BH,BIGLARI HOLDINGS INC,BH,551112,N,A,R,60004254,5399,1,6719,17,431,1,144,1972-12-14,2024-12-31,1972-12-14,2024-12-31,1972-12-14,2024-12-31,990072.30933,478.98999
26710,21111,11,100,L,LOEWS CORP,L,524126,N,A,R,0,0,1,6331,13,462,1,0,1959-03-09,2024-12-31,1959-03-09,2024-12-31,1959-03-09,2024-12-31,15904464.8,47.2
26825,21041,11,100,K,KELLANOVA,K,311211,N,A,R,0,0,1,2041,7,457,1,0,1959-05-12,2024-12-31,1959-05-12,2024-12-31,1959-05-12,2024-12-31,24207034.462203275,68.9845811892201
27422,20462,11,100,CLF,CLEVELAND CLIFFS INC NEW,CLF,213114,N,A,R,0,0,1,1081,10,457,1,0,1960-07-27,2024-12-31,1960-07-27,2024-12-31,1960-07-27,2024-12-31,1985465.9999999998,8.61
27633,21541,11,100,R,RYDER SYSTEMS INC,R,532120,N,A,R,0,0,1,7513,9,468,1,0,1960-09-19,2024-12-31,1960-09-19,2024-12-31,1960-09-19,2024-12-31,4028813.8,75.35
27828,20908,11,100,HPQ,H P INC,HPQ,334111,N,A,R,0,0,1,3571,13,465,1,0,1961-03-17,2024-12-31,1961-03-17,2024-12-31,1961-03-17,2024-12-31,25325947.349999998,14.85
27887,20277,11,100,BAX,BAXTER INTERNATIONAL INC,BAX,339112,N,A,R,0,0,1,3841,11,471,1,0,1961-05-16,2024-12-31,1961-05-16,2024-12-31,1961-05-16,2024-12-31,24171804.799999997,44.44
27959,20608,11,100,DUK,DUKE ENERGY CORP NEW,DUK,221118,N,A,R,0,0,1,4911,13,474,1,0,1961-07-12,2024-12-31,1961-07-12,2024-12-31,1961-07-12,2024-12-31,53555970.0,77.73
27983,21945,11,100,XRX,XEROX HOLDINGS CORP,XRX,334118,Q,A,R,60020608,27523,3,3577,16,448,1,59,1961-07-11,2024-12-31,1961-07-11,2024-12-31,1961-07-11,2024-12-31,6984923.529999999,27.56
27991,21409,11,100,PNW,PINNACLE WEST CAPITAL CORP,PNW,221118,N,A,R,0,0,1,4911,9,467,1,0,1961-08-28,2024-12-31,1961-08-28,2024-12-31,1961-08-28,2024-12-31,8606179.92,77.32
28118,21247,11,100,NC,NACCO INDUSTRIES INC,NC,335210,N,A,R,0,0,1,3634,10,458,1,0,1961-09-13,2024-12-31,1961-09-13,2024-12-31,1961-09-13,2024-12-31,153547.5,29.5
28222,20030,11,100,APD,AIR PRODUCTS & CHEMICALS INC,APD,325612,N,A,R,0,0,1,2842,6,477,1,0,1961-11-13,2024-12-31,1961-11-13,2024-12-31,1961-11-13,2024-12-31,31180033.42566,143.39999
28345,21236,11,100,MUR,MURPHY OIL CORP,MUR,211120,N,A,R,0,0,1,1311,8,461,1,0,1962-01-02,2024-12-31,1962-01-02,2024-12-31,1962-01-02,2024-12-31,5446686.0,31.63
28484,20064,11,100,HES,HESS CORP,HES,324110,N,A,R,0,0,1,2911,13,481,1,0,1962-05-24,2024-12-31,1962-05-24,2024-12-31,1962-05-24,2024-12-31,19890131.22,62.82
28804,20035,11,100,ALK,ALASKA AIRGROUP INC,ALK,481111,N,A,R,0,0,1,4512,7,455,1,0,1962-07-02,2024-12-31,1962-07-02,2024-12-31,1962-07-02,2024-12-31,10848024.0,88.0
30681,1367,11,100,OMC,OMNICOM GROUP INC,OMC,541810,N,A,R,60001366,1752,1,7311,8,446,1,140,1972-12-14,2024-12-31,1972-12-14,2024-12-31,1972-12-14,2024-12-31,20066396.669999998,85.07
30940,1425,11,100,FLS,FLOWSERVE CORP,FLS,333996,N,A,R,60001424,1825,1,3594,8,418,1,260,1972-12-14,2024-12-31,1972-12-14,2024-12-31,1972-12-14,2024-12-31,6393452.52,49.01
32707,20902,11,100,HP,HELMERICH & PAYNE INC,HP,213111,N,A,R,0,0,1,1381,7,451,1,0,1962-07-02,2024-12-31,1962-07-02,2024-12-31,1962-07-02,2024-12-31,8520020.520000001,78.76
32803,20922,11,100,DINO,H F SINCLAIR CORP,DINO,424720,N,A,R,0,0,1,5172,13,450,1,0,1962-07-02,2024-12-31,1962-07-02,2024-12-31,1962-07-02,2024-12-31,5925776.4,33.57
32870,20932,11,100,HRL,HORMEL FOODS CORP,HRL,311611,N,A,R,0,0,1,2011,8,432,1,0,1962-07-02,2024-12-31,1962-07-02,2024-12-31,1962-07-02,2024-12-31,18661422.58,35.29
32942,20945,11,100,HUBB,HUBBELL INC,HUBB,335999,N,A,R,0,0,1,3699,11,441,1,0,1962-07-02,2024-12-31,1962-07-02,2024-12-31,1962-07-02,2024-12-31,6512197.48,117.64
32986,6748,11,100,ATO,ATMOS ENERGY CORP,ATO,221210,N,A,R,60006722,8613,1,4924,6,421,1,85,1983-12-28,2024-12-31,1983-12-28,2024-12-31,1983-12-28,2024-12-31,7834832.25,74.55
34032,21161,11,100,MAS,MASCO CORP,MAS,332913,N,A,R,0,0,1,3432,12,473,1,0,1962-07-02,2024-12-31,1962-07-02,2024-12-31,1962-07-02,2024-12-31,10581334.61,32.23
34746,1741,11,100,FITB,FIFTH THIRD BANCORP,FITB,522110,Q,A,R,60001740,2239,3,6711,3,297,1,1827,1975-04-23,2024-12-31,1975-04-23,2024-12-31,1975-04-23,2024-12-31,20300456.95,27.05
34817,21308,11,100,NUE,NUCOR CORP,NUE,332312,N,A,R,0,0,1,3441,9,455,1,0,1962-07-02,2024-12-31,1962-07-02,2024-12-31,1962-07-02,2024-12-31,18984890.85,59.61
34833,21322,11,100,OXY,OCCIDENTAL PETROLEUM CORP,OXY,211120,N,A,R,0,0,1,1311,8,468,1,0,1962-07-02,2024-12-31,1962-07-02,2024-12-31,1962-07-02,2024-12-31,55227866.76,72.27
35044,1620,11,100,RF,REGIONS FINANCIAL CORP NEW,RF,522110,N,A,R,60001619,2073,1,6022,8,385,1,714,1972-12-14,2024-12-31,1972-12-14,2024-12-31,1972-12-14,2024-12-31,17762969.25,14.43
35554,1689,11,100,MTB,M & T BANK CORP,MTB,522110,N,A,R,60001688,2159,1,6022,9,443,1,73,1972-12-14,2024-12-31,1972-12-14,2024-12-31,1972-12-14,2024-12-31,24302381.81049,156.74001
36003,21530,11,100,ROL,ROLLINS INC,ROL,561710,N,A,R,0,0,1,7342,6,455,1,0,1962-07-02,2024-12-31,1962-07-02,2024-12-31,1962-07-02,2024-12-31,7295126.700000001,14.884444444444446
36397,1856,11,100,FHN,FIRST HORIZON CORP,FHN,522110,N,A,R,60001855,2383,1,6021,9,407,1,520,1972-12-14,2024-12-31,1972-12-14,2024-12-31,1972-12-14,2024-12-31,4664700.0,20.0
36468,21609,11,100,SHW,SHERWIN WILLIAMS CO,SHW,325510,N,A,R,0,0,1,2851,12,463,1,0,1962-07-02,2024-12-31,1962-07-02,2024-12-31,1962-07-02,2024-12-31,25506963.24908,91.51333666666666
37584,6407,11,100,BEN,FRANKLIN RESOURCES INC,BEN,523940,N,A,R,60006382,8079,1,6282,12,435,1,95,1983-09-23,2024-12-31,1983-09-23,2024-12-31,1983-09-23,2024-12-31,23002514.639999997,40.44
38093,7094,11,100,AJG,GALLAGHER ARTHUR J & CO,AJG,524210,N,A,R,60007062,9122,1,6411,4,418,1,49,1984-06-20,2024-12-31,1984-06-20,2024-12-31,1984-06-20,2024-12-31,9304570.88,52.24
38156,21923,11,100,WMB,WILLIAMS COS,WMB,486210,N,A,R,0,0,1,4922,8,458,1,0,1962-07-02,2024-12-31,1962-07-02,2024-12-31,1962-07-02,2024-12-31,23621332.02,31.46
38703,21305,11,100,WFC,WELLS FARGO & CO NEW,WFC,522110,N,A,R,0,0,1,6021,8,467,1,0,1962-12-10,2024-12-31,1962-12-10,2024-12-31,1962-12-10,2024-12-31,281248968.0,56.0
38762,21244,11,100,NI,NISOURCE INC,NI,221118,N,A,R,0,0,1,4939,10,471,1,0,1962-12-19,2024-12-31,1962-12-19,2024-12-31,1962-12-19,2024-12-31,7161556.220000001,22.19
39490,20204,11,100,APA,A P A CORP,APA,211120,Q,A,R,60017868,24099,3,1311,13,451,1,45,1963-08-02,2024-12-31,1963-08-02,2024-12-31,1963-08-02,2024-12-31,24199981.62,63.78
39538,21168,11,100,MAT,MATTEL INC,MAT,339930,Q,A,R,60019288,25896,3,3942,11,412,1,419,1963-08-12,2024-12-31,1963-08-12,2024-12-31,1963-08-12,2024-12-31,9751552.0,28.48
39642,20284,11,100,BDX,BECTON DICKINSON & CO,BDX,339112,N,A,R,0,0,1,3841,4,456,1,0,1963-09-25,2024-12-31,1963-09-25,2024-12-31,1963-09-25,2024-12-31,34415514.93169721,161.3993909530334
40125,20493,11,100,DXC,D X C TECHNOLOGY CO,DXC,541513,N,A,R,0,0,1,7376,14,465,1,0,1964-01-22,2024-12-31,1964-01-22,2024-12-31,1964-01-22,2024-12-31,7033495.556938656,49.94848245526865
40272,20991,11,100,IFF,INTERNATIONAL FLAVORS & FRAG INC,IFF,325199,N,A,R,0,0,1,2869,10,456,1,0,1964-03-02,2024-12-31,1964-03-02,2024-12-31,1964-03-02,2024-12-31,9306110.08,117.17
40539,21949,11,100,TJX,T J X COMPANIES INC NEW,TJX,458110,N,A,R,0,0,1,5651,11,463,1,0,1964-05-12,2024-12-31,1964-05-12,2024-12-31,1964-05-12,2024-12-31,49185930.45,37.725
41080,20543,11,100,CMI,CUMMINS INC,CMI,333618,N,A,R,0,0,1,3519,6,458,1,0,1964-09-10,2024-12-31,1964-09-10,2024-12-31,1964-09-10,2024-12-31,23523160.56725,139.78999
41355,21367,11,100,PH,PARKER HANNIFIN CORP,PH,333995,N,A,R,0,0,1,3593,10,466,1,0,1964-12-09,2024-12-31,1964-12-09,2024-12-31,1964-12-09,2024-12-31,19015884.900000002,142.55
42200,20616,11,100,RVTY,REVVITY INC,RVTY,334510,N,A,R,0,0,1,3845,11,470,1,0,1965-07-06,2024-12-31,1965-07-06,2024-12-31,1965-07-06,2024-12-31,5804789.55,52.99
42585,21629,11,100,SJM,SMUCKER J M CO,SJM,311421,N,A,R,0,0,1,2033,12,444,1,0,1965-10-20,2024-12-31,1965-10-20,2024-12-31,1965-10-20,2024-12-31,15016492.98,128.97
42877,6606,11,100,JBHT,HUNT J B TRANSPORT SERVICES INC,JBHT,488510,Q,A,R,60006581,8379,3,4213,3,191,1,1678,1983-11-22,2024-12-31,1983-11-22,2024-12-31,1983-11-22,2024-12-31,10770984.85,96.77
42906,2093,11,100,HBAN,HUNTINGTON BANCSHARES INC,HBAN,522110,Q,A,R,70025504,2672,3,6020,5,293,1,1840,1972-12-14,2024-12-31,1972-12-14,2024-12-31,1972-12-14,2024-12-31,14461377.48,13.32
43123,21722,11,100,ATI,A T I INC,ATI,331210,N,A,R,0,0,1,3317,12,462,1,0,1966-05-02,2024-12-31,1966-05-02,2024-12-31,1966-05-02,2024-12-31,1775510.1,16.3
43350,21664,11,100,SWK,STANLEY BLACK & DECKER INC,SWK,332510,N,A,R,0,0,1,3429,12,460,1,0,1966-06-15,2024-12-31,1966-06-15,2024-12-31,1966-06-15,2024-12-31,17442251.75,115.75
43449,21177,11,100,MCD,MCDONALDS CORP,MCD,722511,N,A,R,0,0,1,5812,6,466,1,0,1966-07-05,2024-12-31,1966-07-05,2024-12-31,1966-07-05,2024-12-31,99337711.28,119.62
43553,21849,11,100,VFC,V F CORP,VFC,315250,N,A,R,0,0,1,2325,8,452,1,0,1966-07-25,2024-12-31,1966-07-25,2024-12-31,1966-07-25,2024-12-31,20732606.02716277,50.11374130047974
44206,21299,11,100,ES,EVERSOURCE ENERGY,ES,221210,N,A,R,60011462,0,1,4924,13,458,1,0,1967-02-20,2024-12-31,1967-02-20,2024-12-31,1967-02-20,2024-12-31,17471761.56,55.08
44329,21723,11,100,TFX,TELEFLEX INC,TFX,339112,N,A,R,0,0,1,3841,7,453,1,0,1967-04-24,2024-12-31,1967-04-24,2024-12-31,1967-04-24,2024-12-31,6998259.580000001,158.86
44601,20238,11,100,AVY,AVERY DENNISON CORP,AVY,322220,N,A,R,0,0,1,2672,10,442,1,0,1967-06-20,2024-12-31,1967-06-20,2024-12-31,1967-06-20,2024-12-31,6241898.88,70.14
44644,20235,11,100,ADP,AUTOMATIC DATA PROCESSING INC,ADP,518210,Q,A,R,60017914,24154,3,7374,10,411,1,726,1967-06-26,2024-12-31,1967-06-26,2024-12-31,1967-06-26,2024-12-31,46461150.0,103.5
45751,21158,11,100,MMC,MARSH & MCLENNAN COS INC,MMC,524210,N,A,R,0,0,1,6411,8,453,1,0,1968-02-16,2024-12-31,1968-02-16,2024-12-31,1968-02-16,2024-12-31,34993364.78,67.87
45911,20058,11,100,SWKS,SKYWORKS SOLUTIONS INC,SWKS,334413,Q,A,R,60015965,21589,3,3674,4,364,1,1890,1968-03-13,2024-12-31,1968-03-13,2024-12-31,1968-03-13,2024-12-31,13887720.000000002,75.15
46578,20463,11,100,CLX,CLOROX CO,CLX,325612,N,A,R,0,0,1,2842,3,450,1,0,1968-08-01,2024-12-31,1968-08-01,2024-12-31,1968-08-01,2024-12-31,15580598.879999999,121.02
46674,20807,11,100,GPC,GENUINE PARTS CO,GPC,423120,N,A,R,0,0,1,5013,6,453,1,0,1968-08-20,2024-12-31,1968-08-20,2024-12-31,1968-08-20,2024-12-31,14223719.309999999,95.63
46886,2551,11,100,KLAC,K L A CORP,KLAC,333310,Q,A,R,60002550,3250,3,3827,11,307,1,2141,1980-10-08,2024-12-31,1980-10-08,2024-12-31,1980-10-08,2024-12-31,12445849.889999999,79.41
47466,21280,11,100,NYT,NEW YORK TIMES CO,NYT,513110,N,A,R,0,0,1,2711,6,432,1,0,1969-01-14,2024-12-31,1969-01-14,2024-12-31,1969-01-14,2024-12-31,2155712.1999999997,13.45
47896,20436,11,100,JPM,JPMORGAN CHASE & CO,JPM,522110,N,A,R,0,0,1,6021,18,459,1,0,1969-03-05,2024-12-31,1969-03-05,2024-12-31,1969-03-05,2024-12-31,312131968.72,87.23
47941,20782,11,100,TGNA,TEGNA INC,TGNA,513110,N,A,R,0,0,1,2711,7,456,1,0,1969-03-10,2024-12-31,1969-03-10,2024-12-31,1969-03-10,2024-12-31,2900367.420476903,13.526760566918217
48486,7013,11,100,LRCX,LAM RESH CORP,LRCX,334413,Q,A,R,60006983,9016,3,3559,8,291,1,2101,1984-05-04,2024-12-31,1984-05-04,2024-12-31,1984-05-04,2024-12-31,17414411.82,10.726
48506,20610,11,100,MCO,MOODYS CORP,MCO,561450,N,A,R,0,0,1,7323,13,453,1,0,1969-06-12,2024-12-31,1969-06-12,2024-12-31,1969-06-12,2024-12-31,18253864.0,95.47
48653,20950,11,100,HUM,HUMANA INC,HUM,524114,N,A,R,0,0,1,6321,7,456,1,0,1969-07-02,2024-12-31,1969-07-02,2024-12-31,1969-07-02,2024-12-31,29463848.610000003,197.61
48725,21810,11,100,UNP,UNION PACIFIC CORP,UNP,482111,N,A,R,0,0,1,4011,5,450,1,0,1969-07-16,2024-12-31,1969-07-16,2024-12-31,1969-07-16,2024-12-31,84487962.24,102.52
49015,21105,11,100,LNC,LINCOLN NATIONAL CORP,LNC,524113,N,A,R,0,0,1,6311,6,445,1,0,1969-08-20,2024-12-31,1969-08-20,2024-12-31,1969-08-20,2024-12-31,15292949.6,66.91
49154,20561,11,100,TGT,TARGET CORP,TGT,455219,N,A,R,0,0,1,5331,6,447,1,0,1969-09-08,2024-12-31,1969-09-08,2024-12-31,1969-09-08,2024-12-31,40863311.25,72.75
49373,20309,11,100,HRB,BLOCK H & R INC,HRB,541213,N,A,R,0,0,1,7291,6,443,1,0,1969-10-13,2024-12-31,1969-10-13,2024-12-31,1969-10-13,2024-12-31,4745050.47,22.91
49429,20584,11,100,DDS,DILLARDS INC,DDS,455110,N,A,R,0,0,1,5311,11,434,1,0,1969-10-27,2024-12-31,1969-10-27,2024-12-31,1969-10-27,2024-12-31,1813765.64,61.72
49656,20265,11,100,BK,BANK OF NEW YORK MELLON CORP,BK,522110,N,A,R,0,0,1,6022,4,447,1,0,1969-12-04,2024-12-31,1969-12-04,2024-12-31,1969-12-04,2024-12-31,50709882.52,47.96
49680,20557,11,100,DHR,DANAHER CORP,DHR,334519,N,A,R,0,0,1,3829,10,441,1,0,1969-12-10,2024-12-31,1969-12-10,2024-12-31,1969-12-10,2024-12-31,48106314.61394293,69.54774543653615
50017,2706,11,100,RRC,RANGE RESOURCES CORP,RRC,211120,N,A,R,60002705,3451,1,1311,14,408,1,204,1980-06-19,2024-12-31,1980-06-19,2024-12-31,1980-06-19,2024-12-31,8056927.0,32.6
50286,21090,11,100,LEE,LEE ENTERPRISES INC,LEE,513110,Q,A,R,60019214,25801,3,2711,7,435,1,199,1970-03-17,2024-12-31,1970-03-17,2024-12-31,1970-03-17,2024-12-31,158354.55000000002,28.5
50876,21102,11,100,LLY,LILLY ELI & CO,LLY,325412,N,A,R,0,0,1,2834,3,449,1,0,1970-07-09,2024-12-31,1970-07-09,2024-12-31,1970-07-09,2024-12-31,82354520.8,74.6
51263,2767,11,100,MTW,MANITOWOC CO INC,MTW,333924,N,A,R,60002766,3523,1,3537,10,451,1,204,1972-12-14,2024-12-31,1972-12-14,2024-12-31,1972-12-14,2024-12-31,821530.24,23.68
51369,21731,11,100,TER,TERADYNE INC,TER,334515,Q,A,R,60020243,27080,3,3825,6,423,1,117,1970-10-19,2024-12-31,1970-10-19,2024-12-31,1970-10-19,2024-12-31,5107014.359999999,25.38
51625,21599,11,100,SCI,SERVICE CORP INTERNATIONAL,SCI,812210,N,A,R,0,0,1,7261,7,446,1,0,1970-12-07,2024-12-31,1970-12-07,2024-12-31,1970-12-07,2024-12-31,5487988.09,28.81
52038,21698,11,100,SYY,SYSCO CORP,SYY,424490,N,A,R,0,0,1,5149,9,458,1,0,1971-02-26,2024-12-31,1971-02-26,2024-12-31,1971-02-26,2024-12-31,30081205.0,55.0
52230,469,11,100,RHI,ROBERT HALF INC,RHI,561320,N,A,R,60000468,621,1,7363,15,454,1,84,1971-04-15,2024-12-31,1971-04-15,2024-12-31,1971-04-15,2024-12-31,6413367.359999999,49.76
52329,21011,11,100,J,JACOBS SOLUTIONS INC,J,541330,N,A,R,0,0,1,8711,7,451,1,0,1971-04-27,2024-12-31,1971-04-27,2024-12-31,1971-04-27,2024-12-31,5637378.035913865,46.65545010273827
52337,21258,11,100,THC,TENET HEALTHCARE CORP,THC,622110,N,A,R,0,0,1,8062,8,459,1,0,1971-04-28,2024-12-31,1971-04-28,2024-12-31,1971-04-28,2024-12-31,1534394.4000000001,15.4
52476,20659,11,100,EFX,EQUIFAX INC,EFX,561499,N,A,R,0,0,1,7389,6,438,1,0,1971-05-11,2024-12-31,1971-05-11,2024-12-31,1971-05-11,2024-12-31,14222816.360000001,118.76
52695,20841,11,100,GWW,GRAINGER W W INC,GWW,423840,N,A,R,0,0,1,5085,10,455,1,0,1971-06-23,2024-12-31,1971-06-23,2024-12-31,1971-06-23,2024-12-31,13966186.5,234.45
52708,21095,11,100,LEN,LENNAR CORP,LEN,236117,N,A,R,0,0,1,1531,10,449,1,0,1971-06-23,2024-12-31,1971-06-23,2024-12-31,1971-06-23,2024-12-31,8293381.347173696,42.20550303905189
52978,20887,11,100,HAS,HASBRO INC,HAS,339930,Q,A,R,60016391,22076,3,3944,8,404,1,396,1971-08-11,2024-12-31,1971-08-11,2024-12-31,1971-08-11,2024-12-31,9934062.6,79.8
53065,20997,11,100,IPG,INTERPUBLIC GROUP COS INC,IPG,541810,N,A,R,0,0,1,7311,3,450,1,0,1971-08-23,2024-12-31,1971-08-23,2024-12-31,1971-08-23,2024-12-31,9333705.100000001,23.51
53225,21888,11,100,GHC,GRAHAM HOLDINGS CO,GHC,611699,N,A,R,0,0,1,8299,8,427,1,0,1971-09-15,2024-12-31,1971-09-15,2024-12-31,1971-09-15,2024-12-31,2434739.9069999997,523.59998
53613,7065,11,100,MU,MICRON TECHNOLOGY INC,MU,334413,Q,A,R,60019448,26077,3,3674,8,380,1,1109,1984-06-01,2024-12-31,1984-06-01,2024-12-31,1984-06-01,2024-12-31,24867057.6,22.55
54148,21349,11,100,PHM,PULTE GROUP INC,PHM,236117,N,A,R,0,0,1,1531,10,447,1,0,1972-02-07,2024-12-31,1972-02-07,2024-12-31,1972-02-07,2024-12-31,6135227.0,18.55
55976,21880,11,100,WMT,WALMART INC,WMT,455110,N,A,R,0,0,1,5311,8,452,1,0,1972-11-20,2024-12-31,1972-11-20,2024-12-31,1972-11-20,2024-12-31,211005225.40000004,22.886666666666667
56223,21121,11,100,LPX,LOUISIANA PACIFIC CORP,LPX,321113,N,A,R,0,0,1,2421,9,467,1,0,1972-12-29,2024-12-31,1972-12-29,2024-12-31,1972-12-29,2024-12-31,2780498.75,19.55
56274,20495,11,100,CAG,CONAGRA BRANDS INC,CAG,311412,N,A,R,0,0,1,2038,13,462,1,0,1972-12-14,2024-12-31,1972-12-14,2024-12-31,1972-12-14,2024-12-31,17405735.2,39.76
56573,20968,11,100,ITW,ILLINOIS TOOL WORKS INC,ITW,333248,N,A,R,0,0,1,3559,10,445,1,0,1973-03-13,2024-12-31,1973-03-13,2024-12-31,1973-03-13,2024-12-31,43005132.6,122.52
57568,20257,11,100,BALL,BALL CORP,BALL,332431,N,A,R,0,0,1,3411,6,453,1,0,1972-12-14,2024-12-31,1972-12-14,2024-12-31,1972-12-14,2024-12-31,13241554.5,37.875
57665,3194,11,100,NKE,NIKE INC,NKE,316210,N,A,R,60003193,4061,1,3021,9,438,1,342,1980-12-02,2024-12-31,1980-12-02,2024-12-31,1980-12-02,2024-12-31,69454740.36,51.98
57809,3160,11,100,NDSN,NORDSON CORP,NDSN,333912,Q,A,R,60003159,4015,3,3560,5,273,1,1935,1979-12-13,2024-12-31,1979-12-13,2024-12-31,1979-12-13,2024-12-31,6514844.8,113.42
57817,3217,11,100,JWN,NORDSTROM INC,JWN,458110,N,A,R,60003216,4095,1,5651,9,406,1,627,1972-12-14,2024-12-31,1972-12-14,2024-12-31,1972-12-14,2024-12-31,8254546.039999999,47.62
57904,92,11,100,AFL,AFLAC INC,AFL,524114,N,A,R,60000091,128,1,6321,5,459,1,0,1973-08-23,2024-12-31,1973-08-23,2024-12-31,1973-08-23,2024-12-31,28473276.54,34.885
58246,3275,11,100,NTRS,NORTHERN TRUST CORP,NTRS,522110,Q,A,R,60003274,4162,3,6020,6,230,1,1825,1972-12-14,2024-12-31,1972-12-14,2024-12-31,1972-12-14,2024-12-31,20492152.2,89.64
58318,3302,11,100,TEX,TEREX CORP NEW,TEX,333924,N,A,R,60003301,4202,1,3537,12,444,1,117,1973-11-07,2024-12-31,1973-11-07,2024-12-31,1973-11-07,2024-12-31,3382446.0,31.94
58683,4181,11,100,LUV,SOUTHWEST AIRLINES CO,LUV,481111,N,A,R,60004180,5299,1,4512,10,452,1,0,1972-12-14,2024-12-31,1972-12-14,2024-12-31,1972-12-14,2024-12-31,30767588.04,49.98
58819,4980,11,100,LNT,ALLIANT ENERGY CORP,LNT,221122,Q,A,R,60019243,25844,3,4931,12,421,1,65,1972-12-14,2024-12-31,1972-12-14,2024-12-31,1972-12-14,2024-12-31,8629075.0,37.93
59010,1892,11,100,GAP,GAP INC,GAP,458110,N,A,R,60001891,2424,1,5651,7,442,1,0,1976-05-20,2024-12-31,1976-05-20,2024-12-31,1976-05-20,2024-12-31,9365725.88,23.48
59176,90,11,100,AXP,AMERICAN EXPRESS CO,AXP,522291,N,A,R,60000089,126,1,6141,14,453,1,0,1972-12-14,2024-12-31,1972-12-14,2024-12-31,1972-12-14,2024-12-31,68964464.25,75.35
59248,33,11,100,TAP,MOLSON COORS BEVERAGE CO,TAP,312120,N,A,R,60000032,41,1,2082,10,400,1,573,1975-06-12,2024-12-31,1975-06-12,2024-12-31,1975-06-12,2024-12-31,20497735.96,97.88
59328,2367,11,100,INTC,INTEL CORP,INTC,334413,Q,A,R,60002366,3017,3,3679,3,283,1,2765,1972-12-14,2024-12-31,1972-12-14,2024-12-31,1972-12-14,2024-12-31,173118000.0,36.6
59408,3151,11,100,BAC,BANK OF AMERICA CORP,BAC,522110,N,A,R,60003150,4005,1,6029,15,450,1,0,1972-12-14,2024-12-31,1972-12-14,2024-12-31,1972-12-14,2024-12-31,227666708.91000003,22.53
59459,4293,11,100,TRV,TRAVELERS COMPANIES INC,TRV,524126,N,A,R,60004292,5448,1,6331,8,445,1,189,1972-12-14,2024-12-31,1972-12-14,2024-12-31,1972-12-14,2024-12-31,34342733.1,120.9
60206,4162,11,100,SNA,SNAP ON INC,SNA,444140,N,A,R,60004161,5271,1,5251,12,450,1,0,1972-12-14,2024-12-31,1972-12-14,2024-12-31,1972-12-14,2024-12-31,9930978.16975,171.14999
60442,3685,11,100,PNC,P N C FINANCIAL SERVICES GRP INC,PNC,522110,N,A,R,70044824,4693,1,6021,9,442,1,175,1972-12-14,2024-12-31,1972-12-14,2024-12-31,1972-12-14,2024-12-31,57392640.94,117.97
60506,3487,11,100,PCAR,PACCAR INC,PCAR,336110,Q,A,R,60003486,4437,3,3711,6,306,1,1707,1972-12-14,2024-12-31,1972-12-14,2024-12-31,1972-12-14,2024-12-31,22907723.999999996,43.54666666666666
60599,20421,11,100,LUMN,LUMEN TECHOLOGIES INC,LUMN,517112,N,A,R,0,0,1,4812,15,456,1,0,1972-12-14,2024-12-31,1972-12-14,2024-12-31,1972-12-14,2024-12-31,13858591.5,25.35
60628,1685,11,100,FDX,FEDEX CORP,FDX,492110,N,A,R,60001684,2154,1,4513,6,440,1,0,1978-04-12,2024-12-31,1978-04-12,2024-12-31,1978-04-12,2024-12-31,50023739.3,187.7
60871,282,11,100,ADI,ANALOG DEVICES INC,ADI,334413,Q,A,R,60017759,23966,3,3674,6,364,1,437,1972-12-14,2024-12-31,1972-12-14,2024-12-31,1972-12-14,2024-12-31,22343938.355,72.505
60943,2636,11,100,LEG,LEGGETT & PLATT INC,LEG,337910,N,A,R,60002635,3358,1,2515,6,444,1,0,1972-12-14,2024-12-31,1972-12-14,2024-12-31,1972-12-14,2024-12-31,6597108.0,49.35
60986,3178,11,100,NWL,NEWELL BRANDS INC,NWL,326199,Q,A,R,60019640,26307,3,3089,10,439,1,86,1972-12-14,2024-12-31,1972-12-14,2024-12-31,1972-12-14,2024-12-31,21669408.0,44.92
61146,5708,11,100,PAR,PAR TECHNOLOGY CORP,PAR,333310,N,A,R,60005696,7067,1,3578,12,430,1,68,1982-12-03,2024-12-31,1982-12-03,2024-12-31,1982-12-03,2024-12-31,86779.0,5.5
61241,211,11,100,AMD,ADVANCED MICRO DEVICES INC,AMD,334413,Q,A,R,60017840,24069,3,3674,6,423,1,431,1972-12-14,2024-12-31,1972-12-14,2024-12-31,1972-12-14,2024-12-31,10687050.0,11.43
61399,2709,11,100,LOW,LOWES COMPANIES INC,LOW,444180,N,A,R,60002708,3456,1,5211,6,434,1,0,1972-12-14,2024-12-31,1972-12-14,2024-12-31,1972-12-14,2024-12-31,61715644.650000006,70.95
61516,655,11,100,BIO,BIO RAD LABORATORIES INC,BIO,334516,N,A,R,60000654,0,1,3826,8,428,1,0,1980-02-27,2024-12-31,1980-02-27,2024-12-31,1980-02-27,2024-12-31,4466113.47,182.91
61621,6333,11,100,PAYX,PAYCHEX INC,PAYX,541219,Q,A,R,60006308,7981,3,8700,5,267,1,1954,1983-08-26,2024-12-31,1983-08-26,2024-12-31,1983-08-26,2024-12-31,22082410.060000002,61.06
61743,1285,11,100,DLX,DELUXE CORP,DLX,323111,N,A,R,60001284,1647,1,2782,6,440,1,0,1972-12-14,2024-12-31,1972-12-14,2024-12-31,1972-12-14,2024-12-31,3494052.4000000004,71.9
62092,4557,11,100,TMO,THERMO FISHER SCIENTIFIC INC,TMO,334519,N,A,R,60004556,5782,1,3829,7,447,1,0,1972-12-14,2024-12-31,1972-12-14,2024-12-31,1972-12-14,2024-12-31,56753241.74999999,143.67
62148,20370,11,100,CSX,C S X CORP,CSX,482111,Q,A,R,60018345,24715,3,4011,5,412,1,342,1980-11-13,2024-12-31,1980-11-13,2024-12-31,1980-11-13,2024-12-31,33616763.29,11.963333333333333
62308,21764,11,100,GL,GLOBE LIFE INC,GL,524113,N,A,R,0,0,1,6311,11,434,1,0,1972-12-14,2024-12-31,1972-12-14,2024-12-31,1972-12-14,2024-12-31,8771051.52,73.92
62498,4998,11,100,WST,WEST PHARMACEUTICAL SERVICES INC,WST,326299,N,A,R,60004997,6293,1,3069,10,436,1,0,1972-12-14,2024-12-31,1972-12-14,2024-12-31,1972-12-14,2024-12-31,6152578.88,84.07
63467,3624,11,100,BRO,BROWN & BROWN INC,BRO,524210,N,A,R,60003623,4613,1,6411,7,405,1,128,1981-01-23,2024-12-31,1981-01-23,2024-12-31,1981-01-23,2024-12-31,6284167.38,22.41
64186,20357,11,100,CI,CIGNA GROUP,CI,524114,N,A,R,0,0,1,6324,8,427,1,0,1982-04-20,2024-12-31,1982-04-20,2024-12-31,1982-04-20,2024-12-31,34844617.08,135.72
64282,2664,11,100,BBWI,BATH & BODY WORKS INC,BBWI,458110,N,A,R,60002663,3397,1,5621,13,451,1,0,1973-02-09,2024-12-31,1973-02-09,2024-12-31,1973-02-09,2024-12-31,14712219.217968442,51.44924120483026
64311,21294,11,100,NSC,NORFOLK SOUTHERN CORP,NSC,488510,N,A,R,0,0,1,4731,5,424,1,0,1982-06-25,2024-12-31,1982-06-25,2024-12-31,1982-06-25,2024-12-31,31234874.58,106.99
64390,3682,11,100,PGR,PROGRESSIVE CORP OH,PGR,524126,N,A,R,60003681,4687,1,6331,7,448,1,92,1972-12-14,2024-12-31,1972-12-14,2024-12-31,1972-12-14,2024-12-31,20603847.0,35.53
64936,20592,11,100,D,DOMINION ENERGY INC,D,211120,N,A,R,0,0,1,1311,10,426,1,0,1983-06-02,2024-12-31,1983-06-02,2024-12-31,1983-06-02,2024-12-31,47789687.5,76.25
64995,2535,11,100,KEY,KEYCORP NEW,KEY,522110,N,A,R,60002534,3234,1,6021,8,442,1,7,1972-12-14,2024-12-31,1972-12-14,2024-12-31,1972-12-14,2024-12-31,19733801.12,18.26
65402,21625,11,100,AOS,SMITH A O CORP,AOS,335220,N,A,R,0,0,1,3639,9,424,1,0,1983-09-30,2024-12-31,1983-09-30,2024-12-31,1983-09-30,2024-12-31,7015750.0,47.5
65541,5780,11,100,COO,COOPER COMPANIES INC,COO,339115,Q,A,R,60018295,24652,3,3851,9,422,1,47,1983-01-21,2024-12-31,1983-01-21,2024-12-31,1983-01-21,2024-12-31,8545042.56213,43.7874975
65875,20288,11,100,VZ,VERIZON COMMUNICATIONS INC,VZ,517121,N,A,R,0,0,1,4813,13,424,1,0,1984-02-16,2024-12-31,1984-02-16,2024-12-31,1984-02-16,2024-12-31,222502683.72,54.58
66093,21645,11,100,T,A T & T INC,T,517121,N,A,R,0,0,1,4812,12,423,1,0,1984-02-16,2024-12-31,1984-02-16,2024-12-31,1984-02-16,2024-12-31,202381534.94945937,32.95579465062032
66157,1645,11,100,USB,U S BANCORP DEL,USB,522110,N,A,R,60001644,2104,1,6021,14,442,1,18,1972-12-14,2024-12-31,1972-12-14,2024-12-31,1972-12-14,2024-12-31,87465326.96000001,51.46
66181,5085,11,100,HD,HOME DEPOT INC,HD,444110,N,A,R,60005082,6406,1,5211,8,440,1,36,1981-09-22,2024-12-31,1981-09-22,2024-12-31,1981-09-22,2024-12-31,163611203.91,134.31
66325,6412,11,100,SLM,S L M CORP,SLM,523150,Q,A,R,60020091,26900,3,6141,13,340,1,267,1983-09-23,2024-12-31,1983-09-23,2024-12-31,1983-09-23,2024-12-31,4868015.0,11.35
66384,4879,11,100,WDC,WESTERN DIGITAL CORP,WDC,334112,Q,A,R,60020537,27434,3,3572,6,400,1,374,1973-01-26,2024-12-31,1973-01-26,2024-12-31,1973-01-26,2024-12-31,19995840.000000004,69.43
66800,137,11,100,AIG,AMERICAN INTERNATIONAL GROUP INC,AIG,524126,N,A,R,60000136,186,1,6331,9,449,1,25,1972-12-14,2024-12-31,1972-12-14,2024-12-31,1972-12-14,2024-12-31,66887031.2,65.12
69032,21224,11,100,MS,MORGAN STANLEY DEAN WITTER & CO,MS,523150,N,A,R,0,0,1,6211,16,422,1,0,1986-03-21,2024-12-31,1986-03-21,2024-12-31,1986-03-21,2024-12-31,80624944.05,43.05
69649,6137,11,100,RJF,RAYMOND JAMES FINANCIAL INC,RJF,523150,N,A,R,60006115,7677,1,6211,8,431,1,33,1983-07-01,2024-12-31,1983-07-01,2024-12-31,1983-07-01,2024-12-31,9892539.280000001,46.45333333333334
69796,1015,11,100,STZ,CONSTELLATION BRANDS INC,STZ,312130,N,A,R,60011398,15594,1,2084,9,367,1,419,1986-07-14,2024-12-31,1986-07-14,2024-12-31,1986-07-14,2024-12-31,27502634.25,154.75
70033,20881,11,100,HOG,HARLEY DAVIDSON INC,HOG,336991,N,A,R,0,0,1,3751,7,417,1,0,1986-07-08,2024-12-31,1986-07-08,2024-12-31,1986-07-08,2024-12-31,10419000.62,58.94
70092,21037,11,100,KBH,K B HOME,KBH,236117,N,A,R,0,0,1,1531,9,413,1,0,1986-08-01,2024-12-31,1986-08-01,2024-12-31,1986-08-01,2024-12-31,1375865.79,16.23
70519,20483,11,100,C,CITIGROUP INC,C,522110,N,A,R,99995023,0,1,6021,17,423,1,0,1986-10-29,2024-12-31,1986-10-29,2024-12-31,1986-10-29,2024-12-31,172665140.70000002,60.59
70578,1467,11,100,ECL,ECOLAB INC,ECL,325611,N,A,R,60001466,1874,1,2841,10,447,1,67,1972-12-14,2024-12-31,1972-12-14,2024-12-31,1972-12-14,2024-12-31,34414798.08,118.04
71175,21798,11,100,UNM,UNUM GROUP,UNM,524114,N,A,R,0,0,1,6321,7,411,1,0,1986-11-06,2024-12-31,1986-11-06,2024-12-31,1986-11-06,2024-12-31,10278229.32,44.28
71563,4163,11,100,TFC,TRUIST FINANCIAL CORP,TFC,522110,N,A,R,60004162,5272,1,6712,18,468,1,57,1972-12-14,2024-12-31,1972-12-14,2024-12-31,1972-12-14,2024-12-31,38120699.519999996,46.98
72726,4260,11,100,STT,STATE STREET CORP,STT,522110,N,A,R,60004259,5408,1,6022,7,438,1,252,1972-12-14,2024-12-31,1972-12-14,2024-12-31,1972-12-14,2024-12-31,30569498.75,79.25
73139,4298,11,100,SYK,STRYKER CORP,SYK,339112,N,A,R,60004297,5453,1,3841,7,410,1,298,1979-05-02,2024-12-31,1979-05-02,2024-12-31,1979-05-02,2024-12-31,44720802.36,119.43
75034,20253,11,100,BKR,BAKER HUGHES CO,BKR,561110,Q,A,R,60076218,78324,3,3533,12,402,1,80,1987-04-24,2024-12-31,1987-04-24,2024-12-31,1987-04-24,2024-12-31,27494293.82,65.03
75186,21578,11,100,SCHW,SCHWAB CHARLES CORP NEW,SCHW,523150,N,A,R,60020008,26796,1,6211,10,410,1,458,1987-09-22,2024-12-31,1987-09-22,2024-12-31,1987-09-22,2024-12-31,53292014.400000006,40.2
75510,8476,11,100,ADBE,ADOBE INC,ADBE,513210,Q,A,R,60008426,11171,3,7372,4,285,1,2189,1986-08-13,2024-12-31,1986-08-13,2024-12-31,1986-08-13,2024-12-31,51145403.92,103.48
75573,9798,11,100,ODP,O D P CORP,ODP,423420,Q,A,R,60019663,26335,3,5940,7,394,1,408,1988-06-01,2024-12-31,1988-06-01,2024-12-31,1988-06-01,2024-12-31,2328206.8,45.199999999999996
75591,22075,11,100,IEX,IDEX CORP,IEX,333914,N,A,R,0,0,1,3561,5,400,1,0,1989-06-02,2024-12-31,1989-06-02,2024-12-31,1989-06-02,2024-12-31,6954795.24,91.22
75607,10224,11,100,GEN,GEN DIGITAL INC,GEN,541512,Q,A,R,60010154,13732,3,7372,6,279,1,2095,1989-06-23,2024-12-31,1989-06-23,2024-12-31,1989-06-23,2024-12-31,14851025.350000001,24.01
75694,10107,11,100,TECH,BIO TECHNE CORP,TECH,325414,Q,A,R,60010038,13514,3,2836,4,266,1,1828,1989-02-09,2024-12-31,1989-02-09,2024-12-31,1989-02-09,2024-12-31,3828379.1,25.6525
75825,22113,11,100,EOG,EOG RESOURCES INC,EOG,211120,N,A,R,0,0,1,1311,8,403,1,0,1989-10-04,2024-12-31,1989-10-04,2024-12-31,1989-10-04,2024-12-31,59686461.32,103.54
75828,10303,11,100,EA,ELECTRONIC ARTS INC,EA,513210,Q,A,R,60010230,13841,3,7372,7,278,1,2112,1989-09-20,2024-12-31,1989-09-20,2024-12-31,1989-09-20,2024-12-31,24305190.0,79.17
75912,10408,11,100,PTC,P T C INC,PTC,541512,Q,A,R,60010333,14011,3,7372,10,260,1,1954,1989-12-08,2024-12-31,1989-12-08,2024-12-31,1989-12-08,2024-12-31,5391863.84,46.64
76076,10486,11,100,CSCO,CISCO SYSTEMS INC,CSCO,334118,Q,A,R,60010404,14115,3,3674,5,251,1,2298,1990-02-16,2024-12-31,1990-02-16,2024-12-31,1990-02-16,2024-12-31,153303439.85999998,30.54
76082,26024,11,100,CTRA,COTERRA ENERGY INC,CTRA,211120,N,A,R,0,0,1,1311,7,400,1,0,1990-02-08,2024-12-31,1990-02-08,2024-12-31,1990-02-08,2024-12-31,10391451.0,22.34
76095,10504,11,100,HOLX,HOLOGIC INC,HOLX,334510,Q,A,R,60010422,14145,3,3844,4,274,1,2001,1990-03-01,2024-12-31,1990-03-01,2024-12-31,1990-03-01,2024-12-31,11213734.4,40.15
76185,26080,11,100,TYL,TYLER TECHNOLOGIES INC,TYL,513210,N,A,R,0,0,1,7372,7,396,1,0,1990-05-22,2024-12-31,1990-05-22,2024-12-31,1990-05-22,2024-12-31,5302490.79,144.77
76226,21866,11,100,PARA,PARAMOUNT GLOBAL,PARA,516120,Q,A,R,60060085,50610,3,4833,17,392,1,118,1990-06-14,2024-12-31,1990-06-14,2024-12-31,1990-06-14,2024-12-31,25239334.64,64.39
76230,10691,11,100,TRMB,TRIMBLE INC,TRMB,334519,Q,A,R,60010608,14434,3,3810,8,259,1,1760,1990-07-20,2024-12-31,1990-07-20,2024-12-31,1990-07-20,2024-12-31,7606851.0,30.27
76282,10594,11,100,AN,AUTONATION INC DEL,AN,441110,N,A,R,60010512,14300,1,5511,9,370,1,214,1990-05-11,2024-12-31,1990-05-11,2024-12-31,1990-05-11,2024-12-31,4979448.32,49.28
76605,29009,11,100,AZO,AUTOZONE INC,AZO,441330,N,A,R,0,0,1,5531,8,393,1,0,1991-04-02,2024-12-31,1991-04-02,2024-12-31,1991-04-02,2024-12-31,22652377.23242,791.46002
76614,10876,11,100,REGN,REGENERON PHARMACEUTICALS INC,REGN,325412,Q,A,R,60010784,14724,3,2830,3,245,1,1956,1991-04-02,2024-12-31,1991-04-02,2024-12-31,1991-04-02,2024-12-31,39525631.94097,379.70001
76644,29028,11,100,X,UNITED STATES STEEL CORP NEW,X,331110,N,A,R,0,0,1,3312,4,389,1,0,1991-05-07,2024-12-31,1991-05-07,2024-12-31,1991-05-07,2024-12-31,5986051.890000001,34.71
76708,10992,11,100,ATGE,ADTALEM GLOBAL EDUCATION INC,ATGE,611699,N,A,R,60010899,14907,1,8299,11,381,1,53,1991-06-21,2024-12-31,1991-06-21,2024-12-31,1991-06-21,2024-12-31,1963231.05,31.35
76709,10989,11,100,IDXX,I D E X X LABORATORIES INC,IDXX,541940,Q,A,R,60010896,14903,3,2830,5,266,1,1759,1991-06-21,2024-12-31,1991-06-21,2024-12-31,1991-06-21,2024-12-31,10345742.4,117.6
76712,10996,11,100,AES,A E S CORP,AES,221118,N,A,R,60010903,14913,1,4911,5,370,1,68,1991-06-26,2024-12-31,1991-06-26,2024-12-31,1991-06-26,2024-12-31,7685992.16,11.66
76744,11042,11,100,VRTX,VERTEX PHARMACEUTICALS INC,VRTX,325412,Q,A,R,70069683,14981,3,2830,2,262,1,1862,1991-07-24,2024-12-31,1991-07-24,2024-12-31,1991-07-24,2024-12-31,18595261.89,74.89
76795,11092,11,100,ZBRA,ZEBRA TECHNOLOGIES CORP,ZBRA,334118,Q,A,R,60010998,15051,3,3577,7,261,1,1782,1991-08-15,2024-12-31,1991-08-15,2024-12-31,1991-08-15,2024-12-31,4561331.25,86.25
76804,29067,11,100,MTG,M G I C INVESTMENT CORP WIS,MTG,524126,N,A,R,0,0,1,6351,3,388,1,0,1991-08-07,2024-12-31,1991-08-07,2024-12-31,1991-08-07,2024-12-31,3549708.46,10.42
77037,11161,11,100,ODFL,OLD DOMINION FREIGHT LINE INC,ODFL,484121,Q,A,R,60011067,15131,3,4210,3,268,1,1624,1991-10-24,2024-12-31,1991-10-24,2024-12-31,1991-10-24,2024-12-31,7152147.26,28.926666666666666
77157,22462,11,100,OI,O I GLASS INC,OI,327213,N,A,R,0,0,1,3221,5,387,1,0,1991-12-11,2024-12-31,1991-12-11,2024-12-31,1991-12-11,2024-12-31,2911436.15,17.95
77178,11253,11,100,QCOM,QUALCOMM INC,QCOM,334220,Q,A,R,60011157,15270,3,3663,7,265,1,2458,1991-12-13,2024-12-31,1991-12-13,2024-12-31,1991-12-13,2024-12-31,96661200.00000001,65.4
77274,11300,11,100,GILD,GILEAD SCIENCES INC,GILD,325412,Q,A,R,60011202,15329,3,2830,5,265,1,2052,1992-01-22,2024-12-31,1992-01-22,2024-12-31,1992-01-22,2024-12-31,97149600.0,74.16
77338,11344,11,100,ROP,ROPER TECHNOLOGIES INC,ROP,334513,Q,A,R,60019954,26732,3,3823,8,363,1,69,1992-02-13,2024-12-31,1992-02-13,2024-12-31,1992-02-13,2024-12-31,18758188.60566,184.92999
77357,11361,11,100,SNPS,SYNOPSYS INC,SNPS,513210,Q,A,R,60011261,15412,3,7370,4,268,1,2027,1992-02-26,2024-12-31,1992-02-26,2024-12-31,1992-02-26,2024-12-31,8911496.37,59.37
77462,22856,11,100,M,MACYS INC,M,455110,N,A,R,0,0,1,5311,7,390,1,0,1992-03-17,2024-12-31,1992-03-17,2024-12-31,1992-03-17,2024-12-31,10768754.1,35.23
77496,11446,11,100,MHK,MOHAWK INDUSTRIES INC,MHK,314110,N,A,R,60011344,15518,1,2273,10,359,1,153,1992-04-01,2024-12-31,1992-04-01,2024-12-31,1992-04-01,2024-12-31,14962788.75,201.75
77605,29489,11,100,BSX,BOSTON SCIENTIFIC CORP,BSX,339112,N,A,R,0,0,1,3841,4,385,1,0,1992-05-19,2024-12-31,1992-05-19,2024-12-31,1992-05-19,2024-12-31,29793492.759999998,21.88
77606,29494,11,100,KSS,KOHLS CORP,KSS,455110,N,A,R,0,0,1,5311,7,390,1,0,1992-05-19,2024-12-31,1992-05-19,2024-12-31,1992-05-19,2024-12-31,8784825.94,49.78
77661,11559,11,100,DHI,D R HORTON INC,DHI,236117,N,A,R,60011457,15672,1,1531,6,380,1,38,1992-06-05,2024-12-31,1992-06-05,2024-12-31,1992-06-05,2024-12-31,10286108.559999999,27.56
77702,11592,11,100,SBUX,STARBUCKS CORP,SBUX,722511,Q,A,R,60011489,15722,3,5810,5,266,1,2186,1992-06-26,2024-12-31,1992-06-26,2024-12-31,1992-06-26,2024-12-31,80656020.0,55.35
77730,4620,11,100,TSN,TYSON FOODS INC,TSN,311615,N,A,R,60004619,5861,1,2015,12,418,1,321,1972-12-14,2024-12-31,1972-12-14,2024-12-31,1972-12-14,2024-12-31,18004578.9,62.58
78034,11778,11,100,PDCO,PATTERSON COMPANIES INC,PDCO,423450,Q,A,R,60011671,15983,3,5990,4,270,1,1485,1992-10-28,2024-12-31,1992-10-28,2024-12-31,1992-10-28,2024-12-31,4166027.9499999997,42.55
78975,12011,11,100,INTU,INTUIT INC,INTU,513210,Q,A,R,60011898,16316,3,7370,5,258,1,1889,1993-03-12,2024-12-31,1993-03-12,2024-12-31,1993-03-12,2024-12-31,29452767.75,114.75
78987,12027,11,100,MCHP,MICROCHIP TECHNOLOGY INC,MCHP,334413,Q,A,R,60011914,16333,3,3670,2,263,1,1923,1993-03-19,2024-12-31,1993-03-19,2024-12-31,1993-03-19,2024-12-31,13819055.5,31.925
79089,12074,11,100,FOSL,FOSSIL GROUP INC,FOSL,334519,Q,A,R,60011961,16390,3,3873,5,253,1,1727,1993-04-08,2024-12-31,1993-04-08,2024-12-31,1993-04-08,2024-12-31,1272853.53,26.37
79094,12108,11,100,JBL,JABIL INC,JBL,334418,N,A,R,60011995,16431,1,3672,6,350,1,191,1993-04-29,2024-12-31,1993-04-29,2024-12-31,1993-04-29,2024-12-31,4424118.16,23.98
79103,12097,11,100,ORLY,O REILLY AUTOMOTIVE INC NEW,ORLY,441330,Q,A,R,60011984,16417,3,5531,7,219,1,1746,1993-04-23,2024-12-31,1993-04-23,2024-12-31,1993-04-23,2024-12-31,26074699.568520002,280.82001
79108,12083,11,100,SANM,SANMINA CORP,SANM,334418,Q,A,R,60011970,16400,3,3672,7,259,1,1888,1993-04-14,2024-12-31,1993-04-14,2024-12-31,1993-04-14,2024-12-31,2689406.6,36.2
79323,29870,11,100,ALL,ALLSTATE CORP,ALL,524126,N,A,R,0,0,1,6331,3,381,1,0,1993-06-03,2024-12-31,1993-06-03,2024-12-31,1993-06-03,2024-12-31,27312879.990000002,74.17
79545,29936,11,100,BWA,BORGWARNER INC,BWA,336390,N,A,R,0,0,1,3714,8,386,1,0,1993-08-13,2024-12-31,1993-08-13,2024-12-31,1993-08-13,2024-12-31,7292956.543139825,34.24148321082055
79637,4655,11,100,UHS,UNIVERSAL HEALTH SERVICES INC,UHS,622110,N,A,R,60004654,5900,1,8062,5,433,1,257,1981-07-09,2024-12-31,1981-07-09,2024-12-31,1981-07-09,2024-12-31,9568578.99,106.71
79686,12484,11,100,DECK,DECKERS OUTDOOR CORP,DECK,315990,N,A,R,60012367,16918,1,2389,5,281,1,1667,1993-10-15,2024-12-31,1993-10-15,2024-12-31,1993-10-15,2024-12-31,1845208.3499999999,9.584999999999999
79698,12457,11,100,IT,GARTNER INC,IT,541910,N,A,R,60012340,16886,1,8732,9,349,1,187,1993-10-05,2024-12-31,1993-10-05,2024-12-31,1993-10-05,2024-12-31,8249434.6,99.86
79785,21242,11,100,NVR,N V R INC,NVR,236117,N,A,R,0,0,1,1531,5,381,1,0,1993-11-18,2024-12-31,1993-11-18,2024-12-31,1993-11-18,2024-12-31,6253462.0621,1649.98999
79879,12583,11,100,VIAV,VIAVI SOLUTIONS INC,VIAV,334516,Q,A,R,60012466,17054,3,3674,9,270,1,2108,1993-11-17,2024-12-31,1993-11-17,2024-12-31,1993-11-17,2024-12-31,1931159.9999999998,8.36
79881,12546,11,100,URBN,URBAN OUTFITTERS INC,URBN,458110,Q,A,R,60012429,17000,3,5650,5,264,1,1877,1993-11-09,2024-12-31,1993-11-09,2024-12-31,1993-11-09,2024-12-31,3321967.7199999997,28.58
79906,30033,11,100,INCY,INCYTE CORP,INCY,325412,Q,A,R,60014135,19236,3,8731,10,266,1,1812,1993-11-04,2024-12-31,1993-11-04,2024-12-31,1993-11-04,2024-12-31,19323029.68,102.32
80080,30070,11,100,EMN,EASTMAN CHEMICAL CO,EMN,325199,N,A,R,0,0,1,2869,5,379,1,0,1994-01-04,2024-12-31,1994-01-04,2024-12-31,1994-01-04,2024-12-31,11141335.92,75.92
80191,30249,11,100,ALB,ALBEMARLE CORP,ALB,325211,N,A,R,0,0,1,2821,8,378,1,0,1994-03-11,2024-12-31,1994-03-11,2024-12-31,1994-03-11,2024-12-31,9903511.799999999,88.05
80204,30260,11,100,MLM,MARTIN MARIETTA MATERIALS INC,MLM,212313,N,A,R,0,0,1,1423,8,380,1,0,1994-02-17,2024-12-31,1994-02-17,2024-12-31,1994-02-17,2024-12-31,14173861.780000001,223.33
80286,12863,11,100,TSCO,TRACTOR SUPPLY CO NEW,TSCO,459999,Q,A,R,60012735,17391,3,5999,7,247,1,1846,1994-02-18,2024-12-31,1994-02-18,2024-12-31,1994-02-18,2024-12-31,9927340.5,15.180000000000001
80320,12926,11,100,CPRT,COPART INC,CPRT,423110,Q,A,R,60012796,17465,3,5010,4,266,1,1663,1994-03-17,2024-12-31,1994-03-17,2024-12-31,1994-03-17,2024-12-31,6384731.92,6.965
80539,13036,11,100,NKTR,NEKTAR THERAPEUTICS,NKTR,325412,Q,A,R,70069242,17612,3,2830,3,261,1,1824,1994-05-03,2024-12-31,1994-05-03,2024-12-31,1994-05-03,2024-12-31,1944260.28,12.69
80563,13115,11,100,PENN,PENN ENTERTAINMENT INC,PENN,721110,Q,A,R,60012982,17724,3,7948,5,261,1,1872,1994-05-26,2024-12-31,1994-05-26,2024-12-31,1994-05-26,2024-12-31,1284820.2,14.1
81055,30513,11,100,COF,CAPITAL ONE FINANCIAL CORP,COF,522110,N,A,R,0,0,1,6021,11,376,1,0,1994-11-16,2024-12-31,1994-11-16,2024-12-31,1994-11-16,2024-12-31,42862089.870000005,88.87
81061,30521,11,100,MCK,MCKESSON H B O C INC,MCK,424210,N,A,R,0,0,1,5122,9,372,1,0,1994-12-01,2024-12-31,1994-12-01,2024-12-31,1994-12-01,2024-12-31,33332004.14913,147.42999
81481,13603,11,100,DLTR,DOLLAR TREE INC,DLTR,455219,Q,A,R,60013459,18393,3,5331,5,250,1,1917,1995-03-07,2024-12-31,1995-03-07,2024-12-31,1995-03-07,2024-12-31,18260773.75,77.45
81540,13650,11,100,COR,CENCORA INC,COR,424210,N,A,R,60013505,18448,1,5122,9,360,1,19,1995-04-04,2024-12-31,1995-04-04,2024-12-31,1995-04-04,2024-12-31,18182461.0,82.61
81593,5849,11,100,COOP,MR COOPER GROUP INC,COOP,522292,Q,A,R,60075363,76220,3,6035,14,285,1,688,1983-03-11,2024-12-31,1983-03-11,2024-12-31,1983-03-11,2024-12-31,319890.55000000005,18.6000744002976
81655,30886,11,100,DRI,DARDEN RESTAURANTS INC,DRI,722511,N,A,R,0,0,1,5812,4,362,1,0,1995-05-30,2024-12-31,1995-05-30,2024-12-31,1995-05-30,2024-12-31,8869216.86,72.06
81677,30913,11,100,WAB,WABTEC CORP,WAB,336510,N,A,R,0,0,1,3743,6,363,1,0,1995-06-16,2024-12-31,1995-06-16,2024-12-31,1995-06-16,2024-12-31,7483913.46,84.02
81736,13753,11,100,RMD,RESMED INC,RMD,339112,N,A,R,60013607,18572,1,3841,8,329,1,276,1995-06-02,2024-12-31,1995-06-02,2024-12-31,1995-06-02,2024-12-31,8732843.700000001,61.95
81774,20763,11,100,FCX,FREEPORT MCMORAN INC,FCX,212230,N,A,R,0,0,1,1021,9,364,1,0,1995-07-31,2024-12-31,1995-07-31,2024-12-31,1995-07-31,2024-12-31,18764060.64,13.78
82107,2253,11,100,WABC,WESTAMERICA BANCORPORATION,WABC,522110,Q,A,R,60012890,17593,3,6020,9,313,1,1705,1976-10-15,2024-12-31,1976-10-15,2024-12-31,1976-10-15,2024-12-31,1636027.05,63.15
82307,30975,11,100,DVA,DAVITA INC,DVA,621492,N,A,R,0,0,1,8092,9,364,1,0,1995-10-31,2024-12-31,1995-10-31,2024-12-31,1995-10-31,2024-12-31,13068640.020000001,65.09
82486,14013,11,100,ERIE,ERIE INDEMNITY CO,ERIE,524210,Q,A,R,70018394,18899,3,6410,3,224,1,2138,1995-10-02,2024-12-31,1995-10-02,2024-12-31,1995-10-02,2024-12-31,5169934.7700000005,111.93
82515,14046,11,100,POOL,POOL CORP,POOL,423910,Q,A,R,60013897,18936,3,5090,6,248,1,1816,1995-10-13,2024-12-31,1995-10-13,2024-12-31,1995-10-13,2024-12-31,4299657.6,104.64
82581,14098,11,100,HSIC,SCHEIN HENRY INC,HSIC,423450,Q,A,R,60013947,19005,3,5047,4,244,1,1698,1995-11-03,2024-12-31,1995-11-03,2024-12-31,1995-11-03,2024-12-31,9693124.477695255,61.037520482193706
82598,14152,11,100,NTAP,NETAPP INC,NTAP,334112,Q,A,R,60014000,19072,3,3572,3,240,1,1988,1995-11-21,2024-12-31,1995-11-21,2024-12-31,1995-11-21,2024-12-31,9912220.76,35.57
82621,14097,11,100,MLSS,MILESTONE SCIENTIFIC INC,MLSS,339114,A,A,R,60013946,19004,2,3843,10,233,1,102,1995-11-07,2024-12-31,1995-11-07,2024-12-31,1995-11-07,2024-12-31,39093.6,1.3
82642,31196,11,100,EL,LAUDER ESTEE COS INC,EL,325620,N,A,R,0,0,1,2844,7,360,1,0,1995-11-17,2024-12-31,1995-11-17,2024-12-31,1995-11-17,2024-12-31,17188835.07,77.33
82651,31208,11,100,WAT,WATERS CORP,WAT,334516,N,A,R,0,0,1,3826,6,359,1,0,1995-11-17,2024-12-31,1995-11-17,2024-12-31,1995-11-17,2024-12-31,10993255.73422,136.42999
82775,31386,11,100,HIG,HARTFORD FINANCIAL SVCS GRP INC,HIG,524126,N,A,R,0,0,1,6331,9,361,1,0,1995-12-20,2024-12-31,1995-12-20,2024-12-31,1995-12-20,2024-12-31,18036798.5,47.75
83011,6149,11,100,WSM,WILLIAMS SONOMA INC,WSM,449129,N,A,R,60006126,7692,1,5719,7,391,1,338,1983-07-07,2024-12-31,1983-07-07,2024-12-31,1983-07-07,2024-12-31,4346620.08,24.74
83597,31661,11,100,FDS,FACTSET RESEARCH SYSTEMS INC,FDS,518210,N,A,R,0,0,1,7374,8,354,1,0,1996-06-28,2024-12-31,1996-06-28,2024-12-31,1996-06-28,2024-12-31,6556057.999999999,165.14
83601,5009,11,100,WOR,WORTHINGTON ENTERPRISES INC,WOR,331221,N,A,R,60005008,6309,1,3316,10,400,1,528,1972-12-14,2024-12-31,1972-12-14,2024-12-31,1972-12-14,2024-12-31,1980840.452641417,31.6620385000706
83621,14744,11,100,ANSS,ANSYS INC,ANSS,513210,Q,A,R,60014586,19779,3,7370,3,241,1,1717,1996-06-20,2024-12-31,1996-06-20,2024-12-31,1996-06-20,2024-12-31,7998974.8,93.35
83976,22200,11,100,ANF,ABERCROMBIE & FITCH CO,ANF,458110,N,A,R,0,0,1,5611,5,346,1,0,1996-09-26,2024-12-31,1996-09-26,2024-12-31,1996-09-26,2024-12-31,819544.25,12.11
84032,31769,11,100,NOV,N O V INC,NOV,333996,N,A,R,0,0,1,3594,6,350,1,0,1996-10-29,2024-12-31,1996-10-29,2024-12-31,1996-10-29,2024-12-31,14280232.040000001,37.81
84129,5057,11,100,ZION,ZIONS BANCORPORATION N A,ZION,522110,Q,A,R,60005056,6371,3,6021,6,316,1,1805,1972-12-14,2024-12-31,1972-12-14,2024-12-31,1972-12-14,2024-12-31,8769210.3,43.18
84176,31806,11,100,SSP,E W SCRIPPS CO,SSP,516210,Q,A,R,60020146,26972,3,2711,9,296,1,121,1996-11-14,2024-12-31,1996-11-14,2024-12-31,1996-11-14,2024-12-31,1380269.25,19.45
84262,15171,11,100,STLD,STEEL DYNAMICS INC,STLD,331110,Q,A,R,60015010,20297,3,3310,5,237,1,1755,1996-11-22,2024-12-31,1996-11-22,2024-12-31,1996-11-22,2024-12-31,8827454.85,36.21
84373,31838,11,100,DGX,QUEST DIAGNOSTICS INC,DGX,621511,N,A,R,0,0,1,8071,3,343,1,0,1997-01-14,2024-12-31,1997-01-14,2024-12-31,1997-01-14,2024-12-31,12817268.0,92.45
84381,31847,11,100,ROK,ROCKWELL AUTOMATION INC,ROK,335312,N,A,R,0,0,1,3621,10,350,1,0,1996-12-16,2024-12-31,1996-12-16,2024-12-31,1996-12-16,2024-12-31,17833421.67276,138.53999
84387,31894,11,100,CMT,CORE MOLDING TECHNOLOGIES INC,CMT,326199,A,A,R,0,0,2,3089,9,346,1,0,1997-01-02,2024-12-31,1997-01-02,2024-12-31,1997-01-02,2024-12-31,129096.87,16.57
84519,15321,11,100,CIEN,CIENA CORP,CIEN,334210,N,A,R,60015159,20499,1,3661,9,276,1,1554,1997-02-07,2024-12-31,1997-02-07,2024-12-31,1997-02-07,2024-12-31,3429483.4,24.43
84761,15436,11,100,TTWO,TAKE TWO INTERACTIVE SOFTWR INC,TTWO,541511,Q,A,R,60015268,20661,3,7370,7,245,1,1854,1997-04-15,2024-12-31,1997-04-15,2024-12-31,1997-04-15,2024-12-31,4961277.56,49.22
84769,31967,11,100,APH,AMPHENOL CORP NEW,APH,334417,N,A,R,0,0,1,3678,3,342,1,0,1997-05-20,2024-12-31,1997-05-20,2024-12-31,1997-05-20,2024-12-31,20800671.540000003,16.8575
84788,15473,11,100,AMZN,AMAZON COM INC,AMZN,459999,Q,A,R,60015310,20733,3,7370,5,239,1,2015,1997-05-15,2024-12-31,1997-05-15,2024-12-31,1997-05-15,2024-12-31,359500580.46,37.683499
85035,15506,11,100,QRVO,QORVO INC,QRVO,334413,Q,A,R,2003969,75199,3,3670,5,240,1,2011,1997-06-03,2024-12-31,1997-06-03,2024-12-31,1997-06-03,2024-12-31,6682909.899999999,52.9
85072,32009,11,100,RL,RALPH LAUREN CORP,RL,315250,N,A,R,0,0,1,2321,10,339,1,0,1997-06-12,2024-12-31,1997-06-12,2024-12-31,1997-06-12,2024-12-31,5103828.45,90.63
85257,32054,11,100,AME,AMETEK INC NEW,AME,334513,N,A,R,0,0,1,3823,4,338,1,0,1997-08-08,2024-12-31,1997-08-08,2024-12-31,1997-08-08,2024-12-31,11391083.04,49.22
85269,32066,11,100,VLO,VALERO ENERGY CORP NEW,VLO,324110,N,A,R,0,0,1,2911,3,335,1,0,1997-08-12,2024-12-31,1997-08-12,2024-12-31,1997-08-12,2024-12-31,31876669.3,70.42
85348,32093,11,100,YUM,YUM BRANDS INC,YUM,722511,N,A,R,0,0,1,5812,6,336,1,0,1997-10-07,2024-12-31,1997-10-07,2024-12-31,1997-10-07,2024-12-31,23198449.26,63.21
85459,15758,11,100,CHRW,CH ROBINSON WORLDWIDE INC,CHRW,488510,Q,A,R,60015595,21115,3,4731,6,256,1,1533,1997-10-15,2024-12-31,1997-10-15,2024-12-31,1997-10-15,2024-12-31,10290645.299999999,72.85
85593,32136,11,100,AMG,AFFILIATED MANAGERS GROUP INC,AMG,523150,N,A,R,0,0,1,6282,8,335,1,0,1997-11-21,2024-12-31,1997-11-21,2024-12-31,1997-11-21,2024-12-31,7991769.881829999,145.78999
85621,32158,11,100,MTD,METTLER TOLEDO INTERNATIONAL INC,MTD,333998,N,A,R,0,0,1,3596,6,333,1,0,1997-11-14,2024-12-31,1997-11-14,2024-12-31,1997-11-14,2024-12-31,11080774.86236,422.35001
85631,7623,11,100,ADSK,AUTODESK INC,ADSK,513210,Q,A,R,60007579,9925,3,7370,4,297,1,2144,1985-06-28,2024-12-31,1985-06-28,2024-12-31,1985-06-28,2024-12-31,16954316.080000002,76.18
85663,32191,11,100,URI,UNITED RENTALS INC,URI,532490,N,A,R,0,0,1,7359,7,330,1,0,1997-12-18,2024-12-31,1997-12-18,2024-12-31,1997-12-18,2024-12-31,9206525.44,109.31
85753,15940,11,100,VRSN,VERISIGN INC,VRSN,541511,Q,A,R,60015774,21351,3,7372,6,226,1,1877,1998-01-30,2024-12-31,1998-01-30,2024-12-31,1998-01-30,2024-12-31,7969965.21,77.31
85792,34660,11,100,PWR,QUANTA SERVICES INC,PWR,238210,N,A,R,0,0,1,1731,4,329,1,0,1998-02-12,2024-12-31,1998-02-12,2024-12-31,1998-02-12,2024-12-31,5050639.159999999,34.91
85913,30005,11,100,MAR,MARRIOTT INTERNATIONAL INC NEW,MAR,721110,Q,A,R,60019286,25894,3,7011,4,297,1,294,1998-03-30,2024-12-31,1998-03-30,2024-12-31,1998-03-30,2024-12-31,31643782.5,82.5
85914,7506,11,100,BBY,BEST BUY COMPANY INC,BBY,334419,N,A,R,60007464,9754,1,3679,8,418,1,92,1985-04-18,2024-12-31,1985-04-18,2024-12-31,1985-04-18,2024-12-31,13419199.76,42.76
85926,34702,11,100,SEE,SEALED AIR CORP NEW,SEE,325211,N,A,R,0,0,1,2821,14,339,1,0,1998-04-08,2024-12-31,1998-04-08,2024-12-31,1998-04-08,2024-12-31,8988822.0,46.5
86102,34765,11,100,FHI,FEDERATED HERMES INC,FHI,523940,N,A,R,0,0,1,6282,8,330,1,0,1998-05-14,2024-12-31,1998-05-14,2024-12-31,1998-05-14,2024-12-31,2934506.52,28.71
86136,34798,11,100,SRE,SEMPRA ENERGY,SRE,221210,N,A,R,0,0,1,4932,6,327,1,0,1998-06-29,2024-12-31,1998-06-29,2024-12-31,1998-06-29,2024-12-31,25288668.93,50.565
86158,16167,11,100,CTSH,COGNIZANT TECHNOLOGY SOLS CORP,CTSH,541511,Q,A,R,60015998,21626,3,7370,2,222,1,1624,1998-06-19,2024-12-31,1998-06-19,2024-12-31,1998-06-19,2024-12-31,34364160.0,56.52
86211,16149,11,100,MSTR,MICROSTRATEGY INC,MSTR,513210,Q,A,R,60015980,21606,3,7372,7,253,1,1993,1998-06-11,2024-12-31,1998-06-11,2024-12-31,1998-06-11,2024-12-31,1859695.9999999998,19.784
86228,34838,11,100,RSG,REPUBLIC SERVICES INC,RSG,562219,N,A,R,0,0,1,4953,3,323,1,0,1998-07-01,2024-12-31,1998-07-01,2024-12-31,1998-07-01,2024-12-31,19333638.939999998,56.87
86288,16188,11,100,CSGP,COSTAR GROUP INC,CSGP,519290,Q,A,R,60016019,21651,3,6531,7,233,1,1808,1998-07-01,2024-12-31,1998-07-01,2024-12-31,1998-07-01,2024-12-31,6069606.57394,18.614999
86356,16285,11,100,EBAY,EBAY INC,EBAY,459999,Q,A,R,60016118,21770,3,7389,9,240,1,2097,1998-09-24,2024-12-31,1998-09-24,2024-12-31,1998-09-24,2024-12-31,32436080.0,29.84
86580,16382,11,100,NVDA,NVIDIA CORP,NVDA,334413,Q,A,R,60016697,22463,3,3670,4,237,1,1872,1999-01-22,2024-12-31,1999-01-22,2024-12-31,1999-01-22,2024-12-31,54983390.0,2.55025
86783,16454,11,100,BKNG,BOOKING HOLDINGS INC,BKNG,561510,Q,A,R,60016867,22700,3,7389,8,222,1,2005,1999-03-30,2024-12-31,1999-03-30,2024-12-31,1999-03-30,2024-12-31,72678710.7006,1477.56995
86799,35026,11,100,CNX,C N X RESOURCES CORP,CNX,211120,N,A,R,0,0,1,1311,11,321,1,0,1999-04-30,2024-12-31,1999-04-30,2024-12-31,1999-04-30,2024-12-31,3287695.8024691353,14.329218106995883
86868,35048,11,100,GS,GOLDMAN SACHS GROUP INC,GS,523150,N,A,R,0,0,1,6211,12,321,1,0,1999-05-04,2024-12-31,1999-05-04,2024-12-31,1999-05-04,2024-12-31,96060072.90649,241.57001
86964,16561,11,100,FFIV,F 5 INC,FFIV,541512,Q,A,R,60016997,22929,3,7372,6,231,1,1765,1999-06-04,2024-12-31,1999-06-04,2024-12-31,1999-06-04,2024-12-31,9381302.4,144.8
86979,16614,11,100,JNPR,JUNIPER NETWORKS INC,JNPR,334118,N,A,R,60017052,22994,1,3577,8,280,1,1215,1999-06-25,2024-12-31,1999-06-25,2024-12-31,1999-06-25,2024-12-31,10877237.8,28.6
87034,35177,11,100,LII,LENNOX INTERNATIONAL INC,LII,333415,N,A,R,0,0,1,3585,7,314,1,0,1999-07-29,2024-12-31,1999-07-29,2024-12-31,1999-07-29,2024-12-31,6615186.159999999,153.67
87055,7882,11,100,COST,COSTCO WHOLESALE CORP NEW,COST,455219,Q,A,R,60012633,17254,3,5330,8,291,1,2187,1985-11-27,2024-12-31,1985-11-27,2024-12-31,1985-11-27,2024-12-31,70159805.19999999,159.73
87137,35222,11,100,DVN,DEVON ENERGY CORP NEW,DVN,211120,N,A,R,0,0,1,1311,6,314,1,0,1999-08-18,2024-12-31,1999-08-18,2024-12-31,1999-08-18,2024-12-31,24651088.0,47.08
87267,36336,11,100,BLK,BLACKROCK INC NEW,BLK,523940,N,A,R,0,0,1,6282,8,314,1,0,1999-10-01,2024-12-31,1999-10-01,2024-12-31,1999-10-01,2024-12-31,62628322.04931,386.42999
87299,17300,11,100,AKAM,AKAMAI TECHNOLOGIES INC,AKAM,513210,Q,A,R,60017302,23305,3,7372,8,235,1,1726,1999-10-29,2024-12-31,1999-10-29,2024-12-31,1999-10-29,2024-12-31,11706840.35,67.57
87356,17205,11,100,TKO,T K O GROUP HOLDINGS INC,TKO,512110,N,A,R,60017271,23267,1,7812,11,307,1,134,1999-10-19,2024-12-31,1999-10-19,2024-12-31,1999-10-19,2024-12-31,701419.2,18.24
87432,36364,11,100,A,AGILENT TECHNOLOGIES INC,A,334516,N,A,R,0,0,1,3826,7,311,1,0,1999-11-18,2024-12-31,1999-11-18,2024-12-31,1999-11-18,2024-12-31,14958064.520000001,46.49
87445,36380,11,100,TDY,TELEDYNE TECHNOLOGIES,TDY,334419,N,A,R,0,0,1,3679,4,306,1,0,1999-11-30,2024-12-31,1999-11-30,2024-12-31,1999-11-30,2024-12-31,4332684.0,124.0
87447,36383,11,100,UPS,UNITED PARCEL SERVICE INC,UPS,492110,N,A,R,0,0,1,4215,7,311,1,0,1999-11-10,2024-12-31,1999-11-10,2024-12-31,1999-11-10,2024-12-31,79331548.8,115.08
87541,23511,11,100,PKG,PACKAGING CORP AMERICA,PKG,322130,N,A,R,0,0,1,2631,7,306,1,0,2000-01-28,2024-12-31,2000-01-28,2024-12-31,2000-01-28,2024-12-31,8009210.0,85.0
87657,36952,11,100,EW,EDWARDS LIFESCIENCES CORP,EW,339113,N,A,R,0,0,1,3842,5,303,1,0,2000-04-03,2024-12-31,2000-04-03,2024-12-31,2000-04-03,2024-12-31,20423513.28,31.84
87717,7232,11,100,EXPD,EXPEDITORS INTERNATIONAL WA INC,EXPD,488510,N,A,R,60007198,9341,1,4731,4,289,1,1783,1984-09-26,2024-12-31,1984-09-26,2024-12-31,1984-09-26,2024-12-31,9550406.700000001,53.1
87842,37138,11,100,MET,METLIFE INC,MET,524113,N,A,R,0,0,1,6311,7,305,1,0,2000-04-05,2024-12-31,2000-04-05,2024-12-31,2000-04-05,2024-12-31,53478073.38898565,48.65469063307569
88031,7902,11,100,MNST,MONSTER BEVERAGE CORP NEW,MNST,312111,Q,A,R,60007855,10324,3,2086,11,299,1,2145,1985-12-06,2024-12-31,1985-12-06,2024-12-31,1985-12-06,2024-12-31,25703777.88,22.77
88182,37176,11,100,ON,ON SEMICONDUCTOR CORP,ON,334413,Q,A,R,60017602,23711,3,3674,4,227,1,1408,2000-04-28,2024-12-31,2000-04-28,2024-12-31,2000-04-28,2024-12-31,5316373.9799999995,12.69
88281,37660,11,100,CRL,CHARLES RIVER LABS INTL INC,CRL,541380,N,A,R,0,0,1,8734,10,304,1,0,2000-06-23,2024-12-31,2000-06-23,2024-12-31,2000-06-23,2024-12-31,3622088.37,76.53
88352,37727,11,100,ISRG,INTUITIVE SURGICAL INC,ISRG,339113,Q,A,R,60017642,23792,3,3842,5,214,1,1496,2000-06-13,2024-12-31,2000-06-13,2024-12-31,2000-06-13,2024-12-31,25286525.211999997,71.30999777777778
88446,37938,11,100,ILMN,ILLUMINA INC,ILMN,334516,Q,A,R,60017719,23918,3,3826,4,212,1,1412,2000-07-28,2024-12-31,2000-07-28,2024-12-31,2000-07-28,2024-12-31,18688608.815601557,127.83255913705955
88661,40143,11,100,TPR,TAPESTRY INC,TPR,316990,N,A,R,0,0,1,3199,9,302,1,0,2000-10-05,2024-12-31,2000-10-05,2024-12-31,2000-10-05,2024-12-31,9955761.15,35.51
88664,7864,11,100,JKHY,HENRY JACK & ASSOC INC,JKHY,541512,Q,A,R,60007817,10267,3,7373,3,279,1,1750,1985-11-20,2024-12-31,1985-11-20,2024-12-31,1985-11-20,2024-12-31,6899997.36,88.89
88853,41080,11,100,FLR,FLUOR CORP NEW,FLR,237990,N,A,R,0,0,1,1629,9,300,1,0,2000-12-22,2024-12-31,2000-12-22,2024-12-31,2000-12-22,2024-12-31,7384427.5,53.03
88860,41154,11,100,ALGN,ALIGN TECHNOLOGY INC,ALGN,339114,Q,A,R,60020999,28214,3,3843,5,219,1,1261,2001-01-26,2024-12-31,2001-01-26,2024-12-31,2001-01-26,2024-12-31,7713458.88,96.96
88873,41168,11,100,GPN,GLOBAL PAYMENTS INC,GPN,518210,N,A,R,0,0,1,7374,8,297,1,0,2001-02-01,2024-12-31,2001-02-01,2024-12-31,2001-02-01,2024-12-31,10835638.5,70.5
89002,41671,11,100,BFH,BREAD FINANCIAL HOLDINGS INC,BFH,561450,N,A,R,0,0,1,7323,8,292,1,0,2001-06-08,2024-12-31,2001-06-08,2024-12-31,2001-06-08,2024-12-31,10665502.262452798,184.65524441996567
89003,41673,11,100,FIS,FIDELITY NATIONAL INFO SVCS INC,FIS,561499,N,A,R,0,0,1,7389,8,291,1,0,2001-07-09,2024-12-31,2001-07-09,2024-12-31,2001-07-09,2024-12-31,25266991.44,76.98
89006,41680,11,100,MDLZ,MONDELEZ INTERNATIONAL INC,MDLZ,311513,Q,A,R,60021773,29375,3,2000,9,255,1,433,2001-06-13,2024-12-31,2001-06-13,2024-12-31,2001-06-13,2024-12-31,68547215.10000001,44.85
89031,41562,11,100,AXON,AXON ENTERPRISE INC,AXON,332994,Q,A,R,60021549,29341,3,3480,9,207,1,1387,2001-06-07,2024-12-31,2001-06-07,2024-12-31,2001-06-07,2024-12-31,1286148.5,24.58
89070,41870,11,100,ZBH,ZIMMER BIOMET HOLDINGS INC,ZBH,339113,N,A,R,0,0,1,3842,5,286,1,0,2001-08-07,2024-12-31,2001-08-07,2024-12-31,2001-08-07,2024-12-31,20279922.12164622,101.24773899973151
89155,2801,11,100,MKCV,MCCORMICK & CO INC,MKCV,311999,N,A,R,60002800,0,1,2099,5,287,1,0,2001-09-17,2024-12-31,2001-09-17,2024-12-31,2001-09-17,2024-12-31,1072063.35,46.575
89179,42273,11,100,ELV,ELEVANCE HEALTH INC,ELV,524114,N,A,R,0,0,1,6321,11,290,1,0,2001-10-30,2024-12-31,2001-10-30,2024-12-31,2001-10-30,2024-12-31,37734432.03435,143.24001
89195,42285,11,100,PFG,PRINCIPAL FINANCIAL GROUP INC,PFG,524114,Q,A,R,60050463,35611,3,6321,7,266,1,135,2001-10-23,2024-12-31,2001-10-23,2024-12-31,2001-10-23,2024-12-31,16852352.98,58.58
89216,42401,11,100,AYI,ACUITY BRANDS INC,AYI,335139,N,A,R,0,0,1,3648,6,285,1,0,2001-11-14,2024-12-31,2001-11-14,2024-12-31,2001-11-14,2024-12-31,10324031.959999999,234.19
89217,42402,11,100,AAP,ADVANCE AUTO PARTS INC,AAP,441330,N,A,R,0,0,1,5531,6,284,1,0,2001-11-29,2024-12-31,2001-11-29,2024-12-31,2001-11-29,2024-12-31,12565373.13654,170.60001
89244,42430,11,100,WW,W W INTERNATIONAL INC,WW,812990,Q,A,R,60050560,35763,3,7299,9,267,1,137,2001-11-15,2024-12-31,2001-11-15,2024-12-31,2001-11-15,2024-12-31,707746.08,11.08
89258,42524,11,100,PRU,PRUDENTIAL FINANCIAL INC,PRU,524113,N,A,R,0,0,1,6311,6,286,1,0,2001-12-13,2024-12-31,2001-12-13,2024-12-31,2001-12-13,2024-12-31,45089800.0,104.86
89269,42540,11,100,CNC,CENTENE CORP DEL,CNC,524114,N,A,R,60050794,36078,1,6324,5,282,1,181,2001-12-13,2024-12-31,2001-12-13,2024-12-31,2001-12-13,2024-12-31,9964712.52,29.155
89301,42775,11,100,GME,GAMESTOP CORP NEW,GME,449210,N,A,R,0,0,1,5734,8,287,1,0,2002-02-13,2024-12-31,2002-02-13,2024-12-31,2002-02-13,2024-12-31,2584568.75,6.3425
89393,43145,11,100,NFLX,NETFLIX INC,NFLX,532282,Q,A,R,60051966,37685,3,7841,5,159,1,1441,2002-05-23,2024-12-31,2002-05-23,2024-12-31,2002-05-23,2024-12-31,54827584.46,127.49
89508,43519,11,100,KMX,CARMAX INC,KMX,441120,N,A,R,0,0,1,5521,3,270,1,0,2002-10-01,2024-12-31,2002-10-01,2024-12-31,2002-10-01,2024-12-31,12144091.819999998,64.82
89525,43613,11,100,CMCSA,COMCAST CORP NEW,CMCSA,516210,Q,A,R,70011015,1230,3,4841,4,110,1,1296,2002-11-19,2024-12-31,2002-11-19,2024-12-31,2002-11-19,2024-12-31,163396950.85,34.525
89533,43620,11,100,WYNN,WYNN RESORTS LTD,WYNN,721110,Q,A,R,60053039,39178,3,7990,4,211,1,1321,2002-10-25,2024-12-31,2002-10-25,2024-12-31,2002-10-25,2024-12-31,8903340.54,87.46
89626,43791,11,100,CME,C M E GROUP INC,CME,523210,Q,A,R,60053208,39455,3,6200,6,223,1,564,2002-12-06,2024-12-31,2002-12-06,2024-12-31,2002-12-06,2024-12-31,38694656.0,114.4
89781,44184,11,100,MOH,MOLINA HEALTHCARE INC,MOH,621111,N,A,R,0,0,1,8011,4,262,1,0,2003-07-02,2024-12-31,2003-07-02,2024-12-31,2003-07-02,2024-12-31,3045037.39,53.59
89866,44497,11,100,LKQ,L K Q CORP,LKQ,423930,Q,A,R,60054303,41268,3,5015,6,206,1,973,2003-10-03,2024-12-31,2003-10-03,2024-12-31,2003-10-03,2024-12-31,9543121.35,31.03
90038,44893,11,100,AIZ,ASSURANT INC,AIZ,524210,N,A,R,0,0,1,6411,7,259,1,0,2004-02-05,2024-12-31,2004-02-05,2024-12-31,2004-02-05,2024-12-31,5366063.5600000005,94.12
90071,37496,11,100,NRG,N R G ENERGY INC,NRG,221118,N,A,R,0,0,1,4911,5,256,1,0,2004-03-25,2024-12-31,2004-03-25,2024-12-31,2004-03-25,2024-12-31,3879948.9000000004,12.3
90162,45174,11,100,GNW,GENWORTH FINANCIAL INC,GNW,524113,N,A,R,0,0,1,6399,4,253,1,0,2004-05-25,2024-12-31,2004-05-25,2024-12-31,2004-05-25,2024-12-31,2270974.0500000003,3.87
90199,45270,11,100,CBRE,C B R E GROUP INC,CBRE,531210,N,A,R,0,0,1,6531,9,256,1,0,2004-06-10,2024-12-31,2004-06-10,2024-12-31,2004-06-10,2024-12-31,10647898.03,31.57
90215,45288,11,100,CRM,SALESFORCE INC,CRM,513210,N,A,R,0,0,1,7372,7,255,1,0,2004-06-23,2024-12-31,2004-06-23,2024-12-31,2004-06-23,2024-12-31,47903290.760000005,70.54
90248,45379,11,100,DPZ,DOMINOS PIZZA INC,DPZ,424490,N,A,R,0,0,1,5149,4,250,1,0,2004-07-13,2024-12-31,2004-07-13,2024-12-31,2004-07-13,2024-12-31,7631843.48,158.36
90319,45483,11,100,GOOGL,ALPHABET INC,GOOGL,541511,Q,A,R,60056743,44290,3,7375,9,190,1,1244,2004-08-19,2024-12-31,2004-08-19,2024-12-31,2004-08-19,2024-12-31,239972508.88992,40.4005005
90386,45695,11,100,MOS,MOSAIC CO NEW,MOS,325312,N,A,R,0,0,1,2874,2,245,1,0,2004-10-25,2024-12-31,2004-10-25,2024-12-31,2004-10-25,2024-12-31,10342557.67,29.53
90454,45878,11,100,MKTX,MARKETAXESS HLDGS INC,MKTX,523150,Q,A,R,60057284,45017,3,6211,5,186,1,929,2004-11-05,2024-12-31,2004-11-05,2024-12-31,2004-11-05,2024-12-31,5638357.54456,150.17999
90455,45879,11,100,MPWR,MONOLITHIC PWR SYS INC,MPWR,334413,Q,A,R,60057385,45157,3,3674,4,183,1,931,2004-11-19,2024-12-31,2004-11-19,2024-12-31,2004-11-19,2024-12-31,3410702.73,83.61
90505,46024,11,100,LVS,LAS VEGAS SANDS CORP,LVS,721110,N,A,R,0,0,1,7011,4,244,1,0,2004-12-15,2024-12-31,2004-12-15,2024-12-31,2004-12-15,2024-12-31,42386364.019999996,53.33
90520,46091,11,100,CE,CELANESE CORP DEL,CE,325180,N,A,R,0,0,1,2819,4,246,1,0,2005-01-21,2024-12-31,2005-01-21,2024-12-31,2005-01-21,2024-12-31,11385752.49,79.51
90601,46282,11,100,NDAQ,NASDAQ INC,NDAQ,523210,Q,A,R,60052274,38141,3,6200,5,189,1,1015,2005-02-10,2024-12-31,2005-02-10,2024-12-31,2005-02-10,2024-12-31,11107487.720000003,22.22666666666667
90664,46559,11,100,DXCM,DEXCOM INC,DXCM,339112,Q,A,R,60058481,47974,3,3841,3,177,1,907,2005-04-14,2024-12-31,2005-04-14,2024-12-31,2005-04-14,2024-12-31,4927950.0,14.5625
90720,46846,11,100,BLDR,BUILDERS FIRSTSOURCE INC,BLDR,321113,N,A,R,60058488,48543,1,2421,5,183,1,925,2005-06-22,2024-12-31,2005-06-22,2024-12-31,2005-06-22,2024-12-31,1298604.96,11.64
90808,47013,11,100,EXPE,EXPEDIA GROUP INC,EXPE,561510,Q,A,R,60059136,48781,3,4833,8,187,1,994,2005-08-09,2024-12-31,2005-08-09,2024-12-31,2005-08-09,2024-12-31,15430366.08,112.44
90829,47183,11,100,CF,C F INDUSTRIES HOLDINGS INC,CF,325311,N,A,R,0,0,1,2873,1,235,1,0,2005-08-11,2024-12-31,2005-08-11,2024-12-31,2005-08-11,2024-12-31,7429343.180000001,31.87
90880,47422,11,100,AMP,AMERIPRISE FINANCIAL INC,AMP,561499,N,A,R,0,0,1,7389,8,238,1,0,2005-10-03,2024-12-31,2005-10-03,2024-12-31,2005-10-03,2024-12-31,17677668.8,111.85
90979,48779,11,100,UAA,UNDER ARMOUR INC,UAA,315250,N,A,R,60059930,50331,1,2329,9,237,1,63,2005-11-18,2024-12-31,2005-11-18,2024-12-31,2005-11-18,2024-12-31,5488283.930000001,29.87
90993,48793,11,100,ICE,INTERCONTINENTALEXCHANGE GRP INC,ICE,523210,N,A,R,0,0,1,6231,3,234,1,0,2005-11-16,2024-12-31,2005-11-16,2024-12-31,2005-11-16,2024-12-31,33488904.72,56.22
91041,50016,11,100,LYV,LIVE NATION ENTERTAINMENT INC,LYV,561499,N,A,R,0,0,1,7389,10,239,1,0,2005-12-22,2024-12-31,2005-12-22,2024-12-31,2005-12-22,2024-12-31,5574173.8,27.4
91068,50184,11,100,CMG,CHIPOTLE MEXICAN GRILL INC,CMG,722511,N,A,R,0,0,1,5812,4,234,1,0,2006-01-26,2024-12-31,2006-01-26,2024-12-31,2006-01-26,2024-12-31,10849216.440510001,7.4953998
91103,21793,11,100,UAL,UNITED AIRLINES HOLDINGS INC,UAL,481111,Q,A,R,60060121,50997,3,4512,4,212,1,632,2006-02-02,2024-12-31,2006-02-02,2024-12-31,2006-02-02,2024-12-31,23069865.06,72.71
91152,50481,11,100,TDG,TRANSDIGM GROUP INC,TDG,336413,N,A,R,0,0,1,3728,1,227,1,0,2006-03-15,2024-12-31,2006-03-15,2024-12-31,2006-03-15,2024-12-31,13365807.38652,250.53999
91233,50700,11,100,MA,MASTERCARD INC,MA,561499,N,A,R,0,0,1,7389,6,231,1,0,2006-05-25,2024-12-31,2006-05-25,2024-12-31,2006-05-25,2024-12-31,112714078.05,105.39
91416,51096,11,100,HBI,HANESBRANDS INC,HBI,315120,N,A,R,0,0,1,2253,5,227,1,0,2006-09-06,2024-12-31,2006-09-06,2024-12-31,2006-09-06,2024-12-31,8360143.4,22.12
91461,51196,11,100,WU,WESTERN UNION CO,WU,522320,N,A,R,0,0,1,6099,3,222,1,0,2006-10-02,2024-12-31,2006-10-02,2024-12-31,2006-10-02,2024-12-31,10652264.35,21.97
91547,51338,11,100,LDOS,LEIDOS HOLDINGS INC,LDOS,541512,N,A,R,0,0,1,7373,7,227,1,0,2006-10-13,2024-12-31,2006-10-13,2024-12-31,2006-10-13,2024-12-31,7661045.800000001,50.95
91556,7684,11,100,ROST,ROSS STORES INC,ROST,458110,Q,A,R,60007639,10020,3,5650,6,325,1,2134,1985-08-08,2024-12-31,1985-08-08,2024-12-31,1985-08-08,2024-12-31,26019613.8,65.61
91611,51447,11,100,FSLR,FIRST SOLAR INC,FSLR,334413,Q,A,R,60062652,54143,3,3674,4,169,1,758,2006-11-17,2024-12-31,2006-11-17,2024-12-31,2006-11-17,2024-12-31,3489333.9,33.54
91668,51555,11,100,IPGP,I P G PHOTONICS CORP,IPGP,335999,Q,A,R,60062399,53809,3,3674,2,162,1,912,2006-12-13,2024-12-31,2006-12-13,2024-12-31,2006-12-13,2024-12-31,5260232.5600000005,98.78
91849,51962,11,100,BR,BROADRIDGE FINANCIAL SOLUTNS INC,BR,518210,N,A,R,0,0,1,7374,7,219,1,0,2007-04-02,2024-12-31,2007-04-02,2024-12-31,2007-04-02,2024-12-31,7850812.540000001,65.93
91926,20569,11,100,DAL,DELTA AIR LINES INC,DAL,481111,N,A,R,0,0,1,4512,1,213,1,0,2007-05-03,2024-12-31,2007-05-03,2024-12-31,2007-05-03,2024-12-31,37055967.839999996,49.48
91937,52120,11,100,TMUS,T MOBILE U S INC,TMUS,517112,Q,A,R,60056450,57179,3,4812,6,206,1,263,2007-04-19,2024-12-31,2007-04-19,2024-12-31,2007-04-19,2024-12-31,48029264.38990165,58.12168879782183
92050,52301,11,100,PODD,INSULET CORP,PODD,339112,Q,A,R,60064211,56211,3,3841,4,166,1,825,2007-05-15,2024-12-31,2007-05-15,2024-12-31,2007-05-15,2024-12-31,2146056.3000000003,37.35
92108,52388,11,100,BX,BLACKSTONE INC,BX,523940,N,A,R,0,0,1,6282,5,217,1,0,2007-06-22,2024-12-31,2007-06-22,2024-12-31,2007-06-22,2024-12-31,16084358.8,28.12
92121,52396,11,100,DFS,DISCOVER FINANCIAL SERVICES,DFS,522110,N,A,R,0,0,1,6022,10,220,1,0,2007-07-02,2024-12-31,2007-07-02,2024-12-31,2007-07-02,2024-12-31,28684639.270000003,72.73
92203,52547,11,100,LULU,LULULEMON ATHLETICA INC,LULU,458110,Q,A,R,60065067,57424,3,5600,4,180,1,1049,2007-07-30,2024-12-31,2007-07-30,2024-12-31,2007-07-30,2024-12-31,8507531.549999999,66.85
92293,52762,11,100,TDC,TERADATA CORP DE,TDC,334112,N,A,R,0,0,1,3572,2,209,1,0,2007-10-01,2024-12-31,2007-10-01,2024-12-31,2007-10-01,2024-12-31,3582642.0,27.58
92322,52788,11,100,ULTA,ULTA BEAUTY INC,ULTA,456120,Q,A,R,60065428,58120,3,5999,4,161,1,767,2007-10-25,2024-12-31,2007-10-25,2024-12-31,2007-10-25,2024-12-31,15973965.817669999,256.67999
92402,52840,11,100,MSCI,M S C I INC,MSCI,561499,N,A,R,0,0,1,7389,11,216,1,0,2007-11-15,2024-12-31,2007-11-15,2024-12-31,2007-11-15,2024-12-31,7408500.039999999,78.71
92602,52978,11,100,PM,PHILIP MORRIS INTERNATIONAL INC,PM,312230,N,A,R,0,0,1,2111,3,204,1,0,2008-03-31,2024-12-31,2008-03-31,2024-12-31,2008-03-31,2024-12-31,141529660.5,91.23
92611,52983,11,100,V,VISA INC,V,561499,N,A,R,0,0,1,7389,6,209,1,0,2008-03-19,2024-12-31,2008-03-19,2024-12-31,2008-03-19,2024-12-31,147469399.5,79.5
92614,52985,11,100,AWK,AMERICAN WATER WORKS CO INC,AWK,221310,N,A,R,0,0,1,4941,2,204,1,0,2008-04-23,2024-12-31,2008-04-23,2024-12-31,2008-04-23,2024-12-31,12860716.75,72.25
92655,7267,11,100,UNH,UNITEDHEALTH GROUP INC,UNH,524114,N,A,R,60007233,9402,1,6324,7,420,1,180,1984-10-17,2024-12-31,1984-10-17,2024-12-31,1984-10-17,2024-12-31,153670693.2,161.45
93002,53196,11,100,AVGO,BROADCOM INC,AVGO,334413,Q,A,R,60067764,62262,3,9999,5,156,1,663,2009-08-06,2024-12-31,2009-08-06,2024-12-31,2009-08-06,2024-12-31,70859832.2,17.834
93089,53256,11,100,VRSK,VERISK ANALYTICS INC,VRSK,518210,Q,A,R,60069043,64963,3,9999,4,141,1,440,2009-10-07,2024-12-31,2009-10-07,2024-12-31,2009-10-07,2024-12-31,13573609.12,81.32
93096,53264,11,100,DG,DOLLAR GENERAL CORP NEW,DG,455219,N,A,R,0,0,1,5331,5,187,1,0,2009-11-13,2024-12-31,2009-11-13,2024-12-31,2009-11-13,2024-12-31,20496026.16,74.19
93132,53286,11,100,FTNT,FORTINET INC,FTNT,334118,Q,A,R,60069153,65163,3,9999,2,124,1,544,2009-11-18,2024-12-31,2009-11-18,2024-12-31,2009-11-18,2024-12-31,5213109.359999999,6.024
93246,53339,11,100,GNRC,GENERAC HOLDINGS INC,GNRC,335312,N,A,R,0,0,1,3621,1,179,1,0,2010-02-11,2024-12-31,2010-02-11,2024-12-31,2010-02-11,2024-12-31,2677323.78,41.94
93429,53447,11,100,CBOE,C B O E GLOBAL MARKETS INC,CBOE,523150,B,A,R,60069790,66182,5,6211,7,155,1,292,2010-06-15,2024-12-31,2010-06-15,2024-12-31,2010-06-15,2024-12-31,5934617.850000001,73.01
93436,53453,11,100,TSLA,TESLA INC,TSLA,336110,Q,A,R,60069832,66252,3,9999,4,131,1,724,2010-06-29,2024-12-31,2010-06-29,2024-12-31,2010-06-29,2024-12-31,35057123.005610004,14.466000666666668
