index,permno,PERMCO,HSHRCD,DLSTCD,HTICK,HCOMNAM,HTSYMBOL,HNAICS,HPRIMEXC,HTRDSTAT,HSECSTAT,COMPNO,ISSUNO,HEXCD,HSICCD,NUMNAM,NUMSHR,NUMDEL,NUMNDI,BEGDAT,ENDDAT,BEGPRC,ENDPRC,BEGRET,ENDRET,MKTCAPDAY0
17,11850,20678,11,100,XOM,EXXON MOBIL CORP,XOM,211120,N,A,R,0,0,1,1311,10,508,1,0,12/31/1925,12/31/2024,12/31/1925,12/31/2024,12/31/1925,12/31/2024,376892926.8
313,75825,22113,11,100,EOG,EOG RESOURCES INC,EOG,211120,N,A,R,0,0,1,1311,8,403,1,0,10/4/1989,12/31/2024,10/4/1989,12/31/2024,10/4/1989,12/31/2024,59686461.32
175,34833,21322,11,100,OXY,OCCIDENTAL PETROLEUM CORP,OXY,211120,N,A,R,0,0,1,1311,8,468,1,0,7/2/1962,12/31/2024,7/2/1962,12/31/2024,7/2/1962,12/31/2024,55227866.76
284,64936,20592,11,100,D,DOMINION ENERGY INC,D,211120,N,A,R,0,0,1,1311,10,426,1,0,6/2/1983,12/31/2024,6/2/1983,12/31/2024,6/2/1983,12/31/2024,47789687.5
433,87137,35222,11,100,DVN,DEVON ENERGY CORP NEW,DVN,211120,N,A,R,0,0,1,1311,6,314,1,0,8/18/1999,12/31/2024,8/18/1999,12/31/2024,8/18/1999,12/31/2024,24651088
186,39490,20204,11,100,APA,A P A CORP,APA,211120,Q,A,R,60017868,24099,3,1311,13,451,1,45,8/2/1963,12/31/2024,8/2/1963,12/31/2024,8/2/1963,12/31/2024,24199981.62
317,76082,26024,11,100,CTRA,COTERRA ENERGY INC,CTRA,211120,N,A,R,0,0,1,1311,7,400,1,0,2/8/1990,12/31/2024,2/8/1990,12/31/2024,2/8/1990,12/31/2024,10391451
45,13641,54222,11,100,FANG,DIAMONDBACK ENERGY INC,FANG,211120,Q,A,R,2003649,70296,3,9999,3,120,1,403,10/12/2012,12/31/2024,10/12/2012,12/31/2024,10/12/2012,12/31/2024,9307368
224,50017,2706,11,100,RRC,RANGE RESOURCES CORP,RRC,211120,N,A,R,60002705,3451,1,1311,14,408,1,204,6/19/1980,12/31/2024,6/19/1980,12/31/2024,6/19/1980,12/31/2024,8056927
136,24328,20662,11,100,EQT,E Q T CORP,EQT,211120,N,A,R,0,0,1,1311,11,473,1,0,6/5/1950,12/31/2024,6/5/1950,12/31/2024,6/5/1950,12/31/2024,5824260.423
162,28345,21236,11,100,MUR,MURPHY OIL CORP,MUR,211120,N,A,R,0,0,1,1311,8,461,1,0,1/2/1962,12/31/2024,1/2/1962,12/31/2024,1/2/1962,12/31/2024,5446686
427,86799,35026,11,100,CNX,C N X RESOURCES CORP,CNX,211120,N,A,R,0,0,1,1311,11,321,1,0,4/30/1999,12/31/2024,4/30/1999,12/31/2024,4/30/1999,12/31/2024,3287695.802
107,21207,21286,11,100,NEM,NEWMONT CORP,NEM,212220,N,A,R,0,0,1,1041,9,489,1,0,1/27/1940,12/31/2024,1/27/1940,12/31/2024,1/27/1940,12/31/2024,18379872.5
376,81774,20763,11,100,FCX,FREEPORT MCMORAN INC,FCX,212230,N,A,R,0,0,1,1021,9,364,1,0,7/31/1995,12/31/2024,7/31/1995,12/31/2024,7/31/1995,12/31/2024,18764060.64
70,15202,21876,11,100,VMC,VULCAN MATERIALS CO,VMC,212313,N,A,R,0,0,1,1423,11,485,1,0,12/31/1925,12/31/2024,12/31/1925,12/31/2024,12/31/1925,12/31/2024,16490993.76
363,80204,30260,11,100,MLM,MARTIN MARIETTA MATERIALS INC,MLM,212313,N,A,R,0,0,1,1423,8,380,1,0,2/17/1994,12/31/2024,2/17/1994,12/31/2024,2/17/1994,12/31/2024,14173861.78
167,32707,20902,11,100,HP,HELMERICH & PAYNE INC,HP,213111,N,A,R,0,0,1,1381,7,451,1,0,7/2/1962,12/31/2024,7/2/1962,12/31/2024,7/2/1962,12/31/2024,8520020.52
52,13928,21401,11,100,COP,CONOCOPHILLIPS,COP,213112,N,A,R,0,0,1,1382,9,504,1,0,12/31/1925,12/31/2024,12/31/1925,12/31/2024,12/31/1925,12/31/2024,62707156.47
129,23819,20868,11,100,HAL,HALLIBURTON CO,HAL,213112,N,A,R,0,0,1,1389,6,474,1,0,9/15/1948,12/31/2024,9/15/1948,12/31/2024,9/15/1948,12/31/2024,48132687.36
153,27422,20462,11,100,CLF,CLEVELAND CLIFFS INC NEW,CLF,213114,N,A,R,0,0,1,1081,10,457,1,0,7/27/1960,12/31/2024,7/27/1960,12/31/2024,7/27/1960,12/31/2024,1985466
134,24205,20684,11,100,NEE,NEXTERA ENERGY INC,NEE,221118,N,A,R,0,0,1,4911,11,472,1,0,2/15/1950,12/31/2024,2/15/1950,12/31/2024,2/15/1950,12/31/2024,55474056.96
157,27959,20608,11,100,DUK,DUKE ENERGY CORP NEW,DUK,221118,N,A,R,0,0,1,4911,13,474,1,0,7/12/1961,12/31/2024,7/12/1961,12/31/2024,7/12/1961,12/31/2024,53555970
94,18411,21640,11,100,SO,SOUTHERN CO,SO,221118,N,A,R,0,0,1,4911,8,498,1,0,10/10/1929,12/31/2024,10/10/1929,12/31/2024,10/10/1929,12/31/2024,48098333.92
133,24109,20077,11,100,AEP,AMERICAN ELECTRIC POWER CO INC,AEP,221118,Q,A,R,60017770,23978,3,4911,10,481,1,85,9/1/1949,12/31/2024,9/1/1949,12/31/2024,9/1/1949,12/31/2024,30859845.12
46,13688,21356,11,100,PCG,P G & E CORP,PCG,221118,N,A,R,0,0,1,4931,13,533,1,0,12/31/1925,12/31/2024,12/31/1925,12/31/2024,12/31/1925,12/31/2024,30527116.79
79,15720,21543,11,100,EIX,EDISON INTERNATIONAL,EIX,221118,N,A,R,0,0,1,4911,10,496,1,0,5/27/1926,12/31/2024,5/27/1926,12/31/2024,5/27/1926,12/31/2024,23376939.25
117,22517,21376,11,100,PPL,P P L CORP,PPL,221118,N,A,R,0,0,1,4911,12,490,1,0,12/3/1945,12/31/2024,12/3/1945,12/31/2024,12/3/1945,12/31/2024,23127706.81
110,21776,21396,11,100,EXC,EXELON CORP,EXC,221118,Q,A,R,60059224,26438,3,4911,14,480,1,68,7/6/1943,12/31/2024,7/6/1943,12/31/2024,7/6/1943,12/31/2024,23005392.23
12,11404,20499,11,100,ED,CONSOLIDATED EDISON INC,ED,221118,N,A,R,0,0,1,4931,11,500,1,0,12/31/1925,12/31/2024,12/31/1925,12/31/2024,12/31/1925,12/31/2024,22437122.64
128,23712,21458,11,100,PEG,PUBLIC SERVICE ENTERPRISE GP INC,PEG,221118,N,A,R,0,0,1,4931,8,493,1,0,3/31/1948,12/31/2024,3/31/1948,12/31/2024,3/31/1948,12/31/2024,21950827.44
130,23931,21300,11,100,XEL,X C E L ENERGY INC,XEL,221118,Q,A,R,60019606,26264,3,4911,11,460,1,124,2/28/1949,12/31/2024,2/28/1949,12/31/2024,2/28/1949,12/31/2024,20633050.86
125,23536,21931,11,100,WEC,W E C ENERGY GROUP INC,WEC,221118,N,A,R,0,0,1,4911,11,486,1,0,11/21/1947,12/31/2024,11/21/1947,12/31/2024,11/21/1947,12/31/2024,18460438.33
16,11674,20574,11,100,DTE,D T E ENERGY CO,DTE,221118,N,A,R,0,0,1,4911,8,509,1,0,12/31/1925,12/31/2024,12/31/1925,12/31/2024,12/31/1925,12/31/2024,14836205.49
121,23026,21326,11,100,FE,FIRSTENERGY CORP,FE,221118,N,A,R,0,0,1,4911,8,489,1,0,9/13/1946,12/31/2024,9/13/1946,12/31/2024,9/13/1946,12/31/2024,13190920.95
131,24010,21201,11,100,ETR,ENTERGY CORP NEW,ETR,221118,N,A,R,0,0,1,4911,14,486,1,0,5/31/1949,12/31/2024,5/31/1949,12/31/2024,5/31/1949,12/31/2024,13065596.32
140,24985,21808,11,100,AEE,AMEREN CORP,AEE,221118,N,A,R,0,0,1,4911,9,479,1,0,12/15/1952,12/31/2024,12/15/1952,12/31/2024,12/15/1952,12/31/2024,12709221.3
122,23229,20361,11,100,CMS,C M S ENERGY CORP,CMS,221118,N,A,R,0,0,1,4931,10,486,1,0,2/3/1947,12/31/2024,2/3/1947,12/31/2024,2/3/1947,12/31/2024,11624579.24
159,27991,21409,11,100,PNW,PINNACLE WEST CAPITAL CORP,PNW,221118,N,A,R,0,0,1,4911,9,467,1,0,8/28/1961,12/31/2024,8/28/1961,12/31/2024,8/28/1961,12/31/2024,8606179.92
132,24053,21035,11,100,EVRG,EVERGY INC,EVRG,221118,Q,A,R,60076721,79426,3,4931,14,468,1,21,7/22/1949,12/31/2024,7/22/1949,12/31/2024,7/22/1949,12/31/2024,7968373.2
328,76712,10996,11,100,AES,A E S CORP,AES,221118,N,A,R,60010903,14913,1,4911,5,370,1,68,6/26/1991,12/31/2024,6/26/1991,12/31/2024,6/26/1991,12/31/2024,7685992.16
185,38762,21244,11,100,NI,NISOURCE INC,NI,221118,N,A,R,0,0,1,4939,10,471,1,0,12/19/1962,12/31/2024,12/19/1962,12/31/2024,12/19/1962,12/31/2024,7161556.22
476,90071,37496,11,100,NRG,N R G ENERGY INC,NRG,221118,N,A,R,0,0,1,4911,5,256,1,0,3/25/2004,12/31/2024,3/25/2004,12/31/2024,3/25/2004,12/31/2024,3879948.9
254,58819,4980,11,100,LNT,ALLIANT ENERGY CORP,LNT,221122,Q,A,R,60019243,25844,3,4931,12,421,1,65,12/14/1972,12/31/2024,12/14/1972,12/31/2024,12/14/1972,12/31/2024,8629075
29,12558,53667,11,100,KMI,KINDER MORGAN INC,KMI,221210,N,A,R,0,0,1,4924,4,171,1,0,2/11/2011,12/31/2024,2/11/2011,12/31/2024,2/11/2011,12/31/2024,48241386.04
419,86136,34798,11,100,SRE,SEMPRA ENERGY,SRE,221210,N,A,R,0,0,1,4932,6,327,1,0,6/29/1998,12/31/2024,6/29/1998,12/31/2024,6/29/1998,12/31/2024,25288668.93
202,44206,21299,11,100,ES,EVERSOURCE ENERGY,ES,221210,N,A,R,60011462,0,1,4924,13,458,1,0,2/20/1967,12/31/2024,2/20/1967,12/31/2024,2/20/1967,12/31/2024,17471761.56
142,25232,21332,11,100,OKE,ONEOK INC NEW,OKE,221210,N,A,R,0,0,1,4924,10,476,1,0,5/24/1954,12/31/2024,5/24/1954,12/31/2024,5/24/1954,12/31/2024,12368167.5
111,21792,20939,11,100,CNP,CENTERPOINT ENERGY INC,CNP,221210,N,A,R,0,0,1,4924,17,497,1,0,8/16/1943,12/31/2024,8/16/1943,12/31/2024,8/16/1943,12/31/2024,10590470.38
171,32986,6748,11,100,ATO,ATMOS ENERGY CORP,ATO,221210,N,A,R,60006722,8613,1,4924,6,421,1,85,12/28/1983,12/31/2024,12/28/1983,12/31/2024,12/28/1983,12/31/2024,7834832.25
518,92614,52985,11,100,AWK,AMERICAN WATER WORKS CO INC,AWK,221310,N,A,R,0,0,1,4941,2,204,1,0,4/23/2008,12/31/2024,4/23/2008,12/31/2024,4/23/2008,12/31/2024,12860716.75
342,77661,11559,11,100,DHI,D R HORTON INC,DHI,236117,N,A,R,60011457,15672,1,1531,6,380,1,38,6/5/1992,12/31/2024,6/5/1992,12/31/2024,6/5/1992,12/31/2024,10286108.56
236,52708,21095,11,100,LEN,LENNAR CORP,LEN,236117,N,A,R,0,0,1,1531,10,449,1,0,6/23/1971,12/31/2024,6/23/1971,12/31/2024,6/23/1971,12/31/2024,8293381.347
357,79785,21242,11,100,NVR,N V R INC,NVR,236117,N,A,R,0,0,1,1531,5,381,1,0,11/18/1993,12/31/2024,11/18/1993,12/31/2024,11/18/1993,12/31/2024,6253462.062
241,54148,21349,11,100,PHM,PULTE GROUP INC,PHM,236117,N,A,R,0,0,1,1531,10,447,1,0,2/7/1972,12/31/2024,2/7/1972,12/31/2024,2/7/1972,12/31/2024,6135227
299,70092,21037,11,100,KBH,K B HOME,KBH,236117,N,A,R,0,0,1,1531,9,413,1,0,8/1/1986,12/31/2024,8/1/1986,12/31/2024,8/1/1986,12/31/2024,1375865.79
451,88853,41080,11,100,FLR,FLUOR CORP NEW,FLR,237990,N,A,R,0,0,1,1629,9,300,1,0,12/22/2000,12/31/2024,12/22/2000,12/31/2024,12/22/2000,12/31/2024,7384427.5
414,85792,34660,11,100,PWR,QUANTA SERVICES INC,PWR,238210,N,A,R,0,0,1,1731,4,329,1,0,2/12/1998,12/31/2024,2/12/1998,12/31/2024,2/12/1998,12/31/2024,5050639.16
152,26825,21041,11,100,K,KELLANOVA,K,311211,N,A,R,0,0,1,2041,7,457,1,0,5/12/1959,12/31/2024,5/12/1959,12/31/2024,5/12/1959,12/31/2024,24207034.46
4,10516,20207,11,100,ADM,ARCHER DANIELS MIDLAND CO,ADM,311221,N,A,R,0,0,1,2046,9,532,1,0,12/31/1925,12/31/2024,12/31/1925,12/31/2024,12/31/1925,12/31/2024,26577726
84,16600,20906,11,100,HSY,HERSHEY CO,HSY,311351,N,A,R,0,0,1,2066,7,476,1,0,12/1/1927,12/31/2024,12/1/1927,12/31/2024,12/1/1927,12/31/2024,15755311.2
143,25320,20384,11,100,CPB,CAMPBELLS CO,CPB,311412,Q,A,R,60018300,24659,3,2000,9,468,1,5,12/13/1954,12/31/2024,12/13/1954,12/31/2024,12/13/1954,12/31/2024,18619633.28
244,56274,20495,11,100,CAG,CONAGRA BRANDS INC,CAG,311412,N,A,R,0,0,1,2038,13,462,1,0,12/14/1972,12/31/2024,12/14/1972,12/31/2024,12/14/1972,12/31/2024,17405735.2
82,16431,55778,11,100,LW,LAMB WESTON HOLDINGS INC,LW,311412,N,A,R,0,0,1,2038,1,99,1,0,11/10/2016,12/31/2024,11/10/2016,12/31/2024,11/10/2016,12/31/2024,5473540
195,42585,21629,11,100,SJM,SMUCKER J M CO,SJM,311421,N,A,R,0,0,1,2033,12,444,1,0,10/20/1965,12/31/2024,10/20/1965,12/31/2024,10/20/1965,12/31/2024,15016492.98
74,15408,55296,11,100,KHC,KRAFT HEINZ CO,KHC,311513,Q,A,R,60075346,76177,3,9999,1,85,1,354,7/6/2015,12/31/2024,7/6/2015,12/31/2024,7/6/2015,12/31/2024,106478144.3
456,89006,41680,11,100,MDLZ,MONDELEZ INTERNATIONAL INC,MDLZ,311513,Q,A,R,60021773,29375,3,2000,9,255,1,433,6/13/2001,12/31/2024,6/13/2001,12/31/2024,6/13/2001,12/31/2024,68547215.1
169,32870,20932,11,100,HRL,HORMEL FOODS CORP,HRL,311611,N,A,R,0,0,1,2011,8,432,1,0,7/2/1962,12/31/2024,7/2/1962,12/31/2024,7/2/1962,12/31/2024,18661422.58
344,77730,4620,11,100,TSN,TYSON FOODS INC,TSN,311615,N,A,R,60004619,5861,1,2015,12,418,1,321,12/14/1972,12/31/2024,12/14/1972,12/31/2024,12/14/1972,12/31/2024,18004578.9
10,11308,20468,11,100,KO,COCA COLA CO,KO,311930,N,A,R,0,0,1,2087,7,502,1,0,12/31/1925,12/31/2024,12/31/1925,12/31/2024,12/31/1925,12/31/2024,180281686.2
87,17144,20798,11,100,GIS,GENERAL MILLS INC,GIS,311999,N,A,R,0,0,1,2099,8,498,1,0,11/30/1928,12/31/2024,11/30/1928,12/31/2024,11/30/1928,12/31/2024,36012882.99
459,89155,2801,11,100,MKCV,MCCORMICK & CO INC,MKCV,311999,N,A,R,60002800,0,1,2099,5,287,1,0,9/17/2001,12/31/2024,9/17/2001,12/31/2024,9/17/2001,12/31/2024,1072063.35
49,13856,21384,11,100,PEP,PEPSICO INC,PEP,312111,Q,A,R,60019752,26463,3,2086,8,595,1,139,12/31/1925,12/31/2024,12/31/1925,12/31/2024,12/31/1925,12/31/2024,150087251
444,88031,7902,11,100,MNST,MONSTER BEVERAGE CORP NEW,MNST,312111,Q,A,R,60007855,10324,3,2086,11,299,1,2145,12/6/1985,12/31/2024,12/6/1985,12/31/2024,12/6/1985,12/31/2024,25703777.88
257,59248,33,11,100,TAP,MOLSON COORS BEVERAGE CO,TAP,312120,N,A,R,60000032,41,1,2082,10,400,1,573,6/12/1975,12/31/2024,6/12/1975,12/31/2024,6/12/1975,12/31/2024,20497735.96
297,69796,1015,11,100,STZ,CONSTELLATION BRANDS INC,STZ,312130,N,A,R,60011398,15594,1,2084,9,367,1,419,7/14/1986,12/31/2024,7/14/1986,12/31/2024,7/14/1986,12/31/2024,27502634.25
516,92602,52978,11,100,PM,PHILIP MORRIS INTERNATIONAL INC,PM,312230,N,A,R,0,0,1,2111,3,204,1,0,3/31/2008,12/31/2024,3/31/2008,12/31/2024,3/31/2008,12/31/2024,141529660.5
50,13901,21398,11,100,MO,ALTRIA GROUP INC,MO,312230,N,A,R,0,0,1,2111,15,511,1,0,12/31/1925,12/31/2024,12/31/1925,12/31/2024,12/31/1925,12/31/2024,131896827.7
339,77496,11446,11,100,MHK,MOHAWK INDUSTRIES INC,MHK,314110,N,A,R,60011344,15518,1,2273,10,359,1,153,4/1/1992,12/31/2024,4/1/1992,12/31/2024,4/1/1992,12/31/2024,14962788.75
500,91416,51096,11,100,HBI,HANESBRANDS INC,HBI,315120,N,A,R,0,0,1,2253,5,227,1,0,9/6/2006,12/31/2024,9/6/2006,12/31/2024,9/6/2006,12/31/2024,8360143.4
201,43553,21849,11,100,VFC,V F CORP,VFC,315250,N,A,R,0,0,1,2325,8,452,1,0,7/25/1966,12/31/2024,7/25/1966,12/31/2024,7/25/1966,12/31/2024,20732606.03
127,23660,6304,11,100,CTAS,CINTAS CORP,CTAS,315250,Q,A,R,60006279,7937,3,2320,8,298,1,1560,8/19/1983,12/31/2024,8/19/1983,12/31/2024,8/19/1983,12/31/2024,12218136.48
53,13936,21402,11,100,PVH,P V H CORP,PVH,315250,N,A,R,0,0,1,2321,11,526,1,0,12/31/1925,12/31/2024,12/31/1925,12/31/2024,12/31/1925,12/31/2024,7211620.68
493,90979,48779,11,100,UAA,UNDER ARMOUR INC,UAA,315250,N,A,R,60059930,50331,1,2329,9,237,1,63,11/18/2005,12/31/2024,11/18/2005,12/31/2024,11/18/2005,12/31/2024,5488283.93
404,85072,32009,11,100,RL,RALPH LAUREN CORP,RL,315250,N,A,R,0,0,1,2321,10,339,1,0,6/12/1997,12/31/2024,6/12/1997,12/31/2024,6/12/1997,12/31/2024,5103828.45
355,79686,12484,11,100,DECK,DECKERS OUTDOOR CORP,DECK,315990,N,A,R,60012367,16918,1,2389,5,281,1,1667,10/15/1993,12/31/2024,10/15/1993,12/31/2024,10/15/1993,12/31/2024,1845208.35
247,57665,3194,11,100,NKE,NIKE INC,NKE,316210,N,A,R,60003193,4061,1,3021,9,438,1,342,12/2/1980,12/31/2024,12/2/1980,12/31/2024,12/2/1980,12/31/2024,69454740.36
449,88661,40143,11,100,TPR,TAPESTRY INC,TPR,316990,N,A,R,0,0,1,3199,9,302,1,0,10/5/2000,12/31/2024,10/5/2000,12/31/2024,10/5/2000,12/31/2024,9955761.15
243,56223,21121,11,100,LPX,LOUISIANA PACIFIC CORP,LPX,321113,N,A,R,0,0,1,2421,9,467,1,0,12/29/1972,12/31/2024,12/29/1972,12/31/2024,12/29/1972,12/31/2024,2780498.75
489,90720,46846,11,100,BLDR,BUILDERS FIRSTSOURCE INC,BLDR,321113,N,A,R,60058488,48543,1,2421,5,183,1,925,6/22/2005,12/31/2024,6/22/2005,12/31/2024,6/22/2005,12/31/2024,1298604.96
109,21573,20994,11,100,IP,INTERNATIONAL PAPER CO,IP,322120,N,A,R,0,0,1,2621,9,518,1,0,11/19/1928,12/31/2024,11/19/1928,12/31/2024,11/19/1928,12/31/2024,20783963.74
440,87541,23511,11,100,PKG,PACKAGING CORP AMERICA,PKG,322130,N,A,R,0,0,1,2631,7,306,1,0,1/28/2000,12/31/2024,1/28/2000,12/31/2024,1/28/2000,12/31/2024,8009210
204,44601,20238,11,100,AVY,AVERY DENNISON CORP,AVY,322220,N,A,R,0,0,1,2672,10,442,1,0,6/20/1967,12/31/2024,6/20/1967,12/31/2024,6/20/1967,12/31/2024,6241898.88
91,17750,21055,11,100,KMB,KIMBERLY CLARK CORP,KMB,322291,N,A,R,0,0,1,2676,10,506,1,0,5/9/1929,12/31/2024,5/9/1929,12/31/2024,5/9/1929,12/31/2024,41030236.8
274,61743,1285,11,100,DLX,DELUXE CORP,DLX,323111,N,A,R,60001284,1647,1,2782,6,440,1,0,12/14/1972,12/31/2024,12/14/1972,12/31/2024,12/14/1972,12/31/2024,3494052.4
59,14541,20440,11,100,CVX,CHEVRON CORP NEW,CVX,324110,N,A,R,0,0,1,2911,12,501,1,0,12/31/1925,12/31/2024,12/31/1925,12/31/2024,12/31/1925,12/31/2024,222473576.6
40,13356,54048,11,100,PSX,PHILLIPS 66,PSX,324110,N,A,R,0,0,1,2911,5,157,1,0,5/1/2012,12/31/2024,5/1/2012,12/31/2024,5/1/2012,12/31/2024,45204571.5
406,85269,32066,11,100,VLO,VALERO ENERGY CORP NEW,VLO,324110,N,A,R,0,0,1,2911,3,335,1,0,8/12/1997,12/31/2024,8/12/1997,12/31/2024,8/12/1997,12/31/2024,31876669.3
34,12872,53810,11,100,MPC,MARATHON PETROLEUM CORP,MPC,324110,N,A,R,0,0,1,2911,1,164,1,0,7/1/2011,12/31/2024,7/1/2011,12/31/2024,7/1/2011,12/31/2024,27937247.95
163,28484,20064,11,100,HES,HESS CORP,HES,324110,N,A,R,0,0,1,2911,13,481,1,0,5/24/1962,12/31/2024,5/24/1962,12/31/2024,5/24/1962,12/31/2024,19890131.22
486,90520,46091,11,100,CE,CELANESE CORP DEL,CE,325180,N,A,R,0,0,1,2819,4,246,1,0,1/21/2005,12/31/2024,1/21/2005,12/31/2024,1/21/2005,12/31/2024,11385752.49
97,19166,20681,11,100,FMC,F M C CORP,FMC,325180,N,A,R,0,0,1,2812,12,489,1,0,4/22/1931,12/31/2024,4/22/1931,12/31/2024,4/22/1931,12/31/2024,6642951.968
361,80080,30070,11,100,EMN,EASTMAN CHEMICAL CO,EMN,325199,N,A,R,0,0,1,2869,5,379,1,0,1/4/1994,12/31/2024,1/4/1994,12/31/2024,1/4/1994,12/31/2024,11141335.92
190,40272,20991,11,100,IFF,INTERNATIONAL FLAVORS & FRAG INC,IFF,325199,N,A,R,0,0,1,2869,10,456,1,0,3/2/1964,12/31/2024,3/2/1964,12/31/2024,3/2/1964,12/31/2024,9306110.08
362,80191,30249,11,100,ALB,ALBEMARLE CORP,ALB,325211,N,A,R,0,0,1,2821,8,378,1,0,3/11/1994,12/31/2024,3/11/1994,12/31/2024,3/11/1994,12/31/2024,9903511.8
417,85926,34702,11,100,SEE,SEALED AIR CORP NEW,SEE,325211,N,A,R,0,0,1,2821,14,339,1,0,4/8/1998,12/31/2024,4/8/1998,12/31/2024,4/8/1998,12/31/2024,8988822
491,90829,47183,11,100,CF,C F INDUSTRIES HOLDINGS INC,CF,325311,N,A,R,0,0,1,2873,1,235,1,0,8/11/2005,12/31/2024,8/11/2005,12/31/2024,8/11/2005,12/31/2024,7429343.18
482,90386,45695,11,100,MOS,MOSAIC CO NEW,MOS,325312,N,A,R,0,0,1,2874,2,245,1,0,10/25/2004,12/31/2024,10/25/2004,12/31/2024,10/25/2004,12/31/2024,10342557.67
112,21936,21394,11,100,PFE,PFIZER INC,PFE,325412,N,A,R,0,0,1,2834,8,485,1,0,1/17/1944,12/31/2024,1/17/1944,12/31/2024,1/17/1944,12/31/2024,189590132.5
119,22752,21188,11,100,MRK,MERCK & CO INC NEW,MRK,325412,N,A,R,0,0,1,2834,8,479,1,0,5/15/1946,12/31/2024,5/15/1946,12/31/2024,5/15/1946,12/31/2024,157935444.4
47,13721,54287,11,100,ABBV,ABBVIE INC,ABBV,325412,N,A,R,0,0,1,2834,1,145,1,0,1/2/2013,12/31/2024,1/2/2013,12/31/2024,1/2/2013,12/31/2024,101422428.6
99,19393,20331,11,100,BMY,BRISTOL MYERS SQUIBB CO,BMY,325412,N,A,R,0,0,1,2834,8,493,1,0,9/8/1933,12/31/2024,9/8/1933,12/31/2024,9/8/1933,12/31/2024,99354623.5
335,77274,11300,11,100,GILD,GILEAD SCIENCES INC,GILD,325412,Q,A,R,60011202,15329,3,2830,5,265,1,2052,1/22/1992,12/31/2024,1/22/1992,12/31/2024,1/22/1992,12/31/2024,97149600
226,50876,21102,11,100,LLY,LILLY ELI & CO,LLY,325412,N,A,R,0,0,1,2834,3,449,1,0,7/9/1970,12/31/2024,7/9/1970,12/31/2024,7/9/1970,12/31/2024,82354520.8
104,20482,20017,11,100,ABT,ABBOTT LABORATORIES,ABT,325412,N,A,R,0,0,1,2834,9,492,1,0,3/1/1937,12/31/2024,3/1/1937,12/31/2024,3/1/1937,12/31/2024,57493705.5
324,76614,10876,11,100,REGN,REGENERON PHARMACEUTICALS INC,REGN,325412,Q,A,R,60010784,14724,3,2830,3,245,1,1956,4/2/1991,12/31/2024,4/2/1991,12/31/2024,4/2/1991,12/31/2024,39525631.94
48,13788,54327,11,100,ZTS,ZOETIS INC,ZTS,325412,N,A,R,0,0,1,2834,3,146,1,0,2/1/2013,12/31/2024,2/1/2013,12/31/2024,2/1/2013,12/31/2024,26464510.47
360,79906,30033,11,100,INCY,INCYTE CORP,INCY,325412,Q,A,R,60014135,19236,3,8731,10,266,1,1812,11/4/1993,12/31/2024,11/4/1993,12/31/2024,11/4/1993,12/31/2024,19323029.68
329,76744,11042,11,100,VRTX,VERTEX PHARMACEUTICALS INC,VRTX,325412,Q,A,R,70069683,14981,3,2830,2,262,1,1862,7/24/1991,12/31/2024,7/24/1991,12/31/2024,7/24/1991,12/31/2024,18595261.89
366,80539,13036,11,100,NKTR,NEKTAR THERAPEUTICS,NKTR,325412,Q,A,R,70069242,17612,3,2830,3,261,1,1824,5/3/1994,12/31/2024,5/3/1994,12/31/2024,5/3/1994,12/31/2024,1944260.28
57,14008,216,11,100,AMGN,AMGEN INC,AMGN,325414,Q,A,R,60000215,298,3,2830,8,300,1,2646,6/17/1983,12/31/2024,6/17/1983,12/31/2024,6/17/1983,12/31/2024,111268886
312,75694,10107,11,100,TECH,BIO TECHNE CORP,TECH,325414,Q,A,R,60010038,13514,3,2836,4,266,1,1828,2/9/1989,12/31/2024,2/9/1989,12/31/2024,2/9/1989,12/31/2024,3828379.1
180,36468,21609,11,100,SHW,SHERWIN WILLIAMS CO,SHW,325510,N,A,R,0,0,1,2851,12,463,1,0,7/2/1962,12/31/2024,7/2/1962,12/31/2024,7/2/1962,12/31/2024,25506963.25
116,22509,21351,11,100,PPG,P P G INDUSTRIES INC,PPG,325510,N,A,R,0,0,1,2851,7,483,1,0,12/17/1945,12/31/2024,12/17/1945,12/31/2024,12/17/1945,12/31/2024,25145523.75
301,70578,1467,11,100,ECL,ECOLAB INC,ECL,325611,N,A,R,60001466,1874,1,2841,10,447,1,67,12/14/1972,12/31/2024,12/14/1972,12/31/2024,12/14/1972,12/31/2024,34414798.08
123,23393,1103,11,100,CHD,CHURCH & DWIGHT INC,CHD,325611,N,A,R,60001102,1421,1,2841,5,441,1,157,12/30/1976,12/31/2024,12/30/1976,12/31/2024,12/30/1976,12/31/2024,11466501.36
161,28222,20030,11,100,APD,AIR PRODUCTS & CHEMICALS INC,APD,325612,N,A,R,0,0,1,2842,6,477,1,0,11/13/1961,12/31/2024,11/13/1961,12/31/2024,11/13/1961,12/31/2024,31180033.43
208,46578,20463,11,100,CLX,CLOROX CO,CLX,325612,N,A,R,0,0,1,2842,3,450,1,0,8/1/1968,12/31/2024,8/1/1968,12/31/2024,8/1/1968,12/31/2024,15580598.88
93,18163,21446,11,100,PG,PROCTER & GAMBLE CO,PG,325620,N,A,R,0,0,1,2844,8,503,1,0,8/12/1929,12/31/2024,8/12/1929,12/31/2024,8/12/1929,12/31/2024,225318610.6
96,18729,20473,11,100,CL,COLGATE PALMOLIVE CO,CL,325620,N,A,R,0,0,1,2844,8,507,1,0,3/13/1930,12/31/2024,3/13/1930,12/31/2024,3/13/1930,12/31/2024,58254770.22
384,82642,31196,11,100,EL,LAUDER ESTEE COS INC,EL,325620,N,A,R,0,0,1,2844,7,360,1,0,11/17/1995,12/31/2024,11/17/1995,12/31/2024,11/17/1995,12/31/2024,17188835.07
56,13983,54444,11,100,COTY,COTY INC,COTY,325620,N,A,R,0,0,1,2844,3,142,1,0,6/13/2013,12/31/2024,6/13/2013,12/31/2024,6/13/2013,12/31/2024,13933850.41
268,60986,3178,11,100,NWL,NEWELL BRANDS INC,NWL,326199,Q,A,R,60019640,26307,3,3089,10,439,1,86,12/14/1972,12/31/2024,12/14/1972,12/31/2024,12/14/1972,12/31/2024,21669408
398,84387,31894,11,100,CMT,CORE MOLDING TECHNOLOGIES INC,CMT,326199,A,A,R,0,0,2,3089,9,346,1,0,1/2/1997,12/31/2024,1/2/1997,12/31/2024,1/2/1997,12/31/2024,129096.87
83,16432,20834,11,100,GT,GOODYEAR TIRE & RUBBER CO,GT,326211,Q,A,R,60018856,25366,3,3011,6,454,1,269,8/5/1927,12/31/2024,8/5/1927,12/31/2024,8/5/1927,12/31/2024,7859880
278,62498,4998,11,100,WST,WEST PHARMACEUTICAL SERVICES INC,WST,326299,N,A,R,60004997,6293,1,3069,10,436,1,0,12/14/1972,12/31/2024,12/14/1972,12/31/2024,12/14/1972,12/31/2024,6152578.88
115,22293,20523,11,100,GLW,CORNING INC,GLW,327212,N,A,R,0,0,1,3229,10,483,1,0,5/21/1945,12/31/2024,5/21/1945,12/31/2024,5/21/1945,12/31/2024,23114767.5
333,77157,22462,11,100,OI,O I GLASS INC,OI,327213,N,A,R,0,0,1,3221,5,387,1,0,12/11/1991,12/31/2024,12/11/1991,12/31/2024,12/11/1991,12/31/2024,2911436.15
395,84262,15171,11,100,STLD,STEEL DYNAMICS INC,STLD,331110,Q,A,R,60015010,20297,3,3310,5,237,1,1755,11/22/1996,12/31/2024,11/22/1996,12/31/2024,11/22/1996,12/31/2024,8827454.85
325,76644,29028,11,100,X,UNITED STATES STEEL CORP NEW,X,331110,N,A,R,0,0,1,3312,4,389,1,0,5/7/1991,12/31/2024,5/7/1991,12/31/2024,5/7/1991,12/31/2024,5986051.89
198,43123,21722,11,100,ATI,A T I INC,ATI,331210,N,A,R,0,0,1,3317,12,462,1,0,5/2/1966,12/31/2024,5/2/1966,12/31/2024,5/2/1966,12/31/2024,1775510.1
389,83601,5009,11,100,WOR,WORTHINGTON ENTERPRISES INC,WOR,331221,N,A,R,60005008,6309,1,3316,10,400,1,528,12/14/1972,12/31/2024,12/14/1972,12/31/2024,12/14/1972,12/31/2024,1980840.453
138,24643,20060,11,100,HWM,HOWMET AEROSPACE INC,HWM,331318,N,A,R,0,0,1,3355,11,480,1,0,6/11/1951,12/31/2024,6/11/1951,12/31/2024,6/11/1951,12/31/2024,8414392.82
174,34817,21308,11,100,NUE,NUCOR CORP,NUE,332312,N,A,R,0,0,1,3441,9,455,1,0,7/2/1962,12/31/2024,7/2/1962,12/31/2024,7/2/1962,12/31/2024,18984890.85
246,57568,20257,11,100,BALL,BALL CORP,BALL,332431,N,A,R,0,0,1,3411,6,453,1,0,12/14/1972,12/31/2024,12/14/1972,12/31/2024,12/14/1972,12/31/2024,13241554.5
89,17726,20537,11,100,CCK,CROWN HOLDINGS INC,CCK,332431,N,A,R,0,0,1,3411,6,498,1,0,5/9/1929,12/31/2024,5/9/1929,12/31/2024,5/9/1929,12/31/2024,7431608.52
199,43350,21664,11,100,SWK,STANLEY BLACK & DECKER INC,SWK,332510,N,A,R,0,0,1,3429,12,460,1,0,6/15/1966,12/31/2024,6/15/1966,12/31/2024,6/15/1966,12/31/2024,17442251.75
35,12981,53876,11,100,FBIN,FORTUNE BRANDS INNOVATIONS INC,FBIN,332510,N,A,R,0,0,1,3429,6,165,1,0,10/4/2011,12/31/2024,10/4/2011,12/31/2024,10/4/2011,12/31/2024,7335351.824
113,22103,20643,11,100,EMR,EMERSON ELECTRIC CO,EMR,332911,N,A,R,0,0,1,3491,11,488,1,0,9/5/1944,12/31/2024,9/5/1944,12/31/2024,9/5/1944,12/31/2024,36701427.5
172,34032,21161,11,100,MAS,MASCO CORP,MAS,332913,N,A,R,0,0,1,3432,12,473,1,0,7/2/1962,12/31/2024,7/2/1962,12/31/2024,7/2/1962,12/31/2024,10581334.61
66,14795,21758,11,100,TKR,TIMKEN CO,TKR,332991,N,A,R,0,0,1,3562,8,491,1,0,12/31/1925,12/31/2024,12/31/1925,12/31/2024,12/31/1925,12/31/2024,3186524.25
457,89031,41562,11,100,AXON,AXON ENTERPRISE INC,AXON,332994,Q,A,R,60021549,29341,3,3480,9,207,1,1387,6/7/2001,12/31/2024,6/7/2001,12/31/2024,6/7/2001,12/31/2024,1286148.5
98,19350,20566,11,100,DE,DEERE & CO,DE,333111,N,A,R,0,0,1,3523,6,487,1,0,6/29/1933,12/31/2024,6/29/1933,12/31/2024,6/29/1933,12/31/2024,32970635.65
95,18542,20408,11,100,CAT,CATERPILLAR INC,CAT,333120,N,A,R,0,0,1,3531,10,504,1,0,12/2/1929,12/31/2024,12/2/1929,12/31/2024,12/2/1929,12/31/2024,54991011.27
245,56573,20968,11,100,ITW,ILLINOIS TOOL WORKS INC,ITW,333248,N,A,R,0,0,1,3559,10,445,1,0,3/13/1973,12/31/2024,3/13/1973,12/31/2024,3/13/1973,12/31/2024,43005132.6
63,14702,194,11,100,AMAT,APPLIED MATERIALS INC,AMAT,333248,Q,A,R,60000193,262,3,3550,9,251,1,2380,12/14/1972,12/31/2024,12/14/1972,12/31/2024,12/14/1972,12/31/2024,34370634
210,46886,2551,11,100,KLAC,K L A CORP,KLAC,333310,Q,A,R,60002550,3250,3,3827,11,307,1,2141,10/8/1980,12/31/2024,10/8/1980,12/31/2024,10/8/1980,12/31/2024,12445849.89
269,61146,5708,11,100,PAR,PAR TECHNOLOGY CORP,PAR,333310,N,A,R,60005696,7067,1,3578,12,430,1,68,12/3/1982,12/31/2024,12/3/1982,12/31/2024,12/3/1982,12/31/2024,86779
148,25953,20596,11,100,DOV,DOVER CORP,DOV,333415,N,A,R,0,0,1,3585,9,467,1,0,12/3/1956,12/31/2024,12/3/1956,12/31/2024,12/3/1956,12/31/2024,9377050.399
431,87034,35177,11,100,LII,LENNOX INTERNATIONAL INC,LII,333415,N,A,R,0,0,1,3585,7,314,1,0,7/29/1999,12/31/2024,7/29/1999,12/31/2024,7/29/1999,12/31/2024,6615186.16
22,12060,20792,11,100,GE,GENERAL ELECTRIC CO,GE,333611,N,A,R,0,0,1,3511,11,492,1,0,12/31/1925,12/31/2024,12/31/1925,12/31/2024,12/31/1925,12/31/2024,173333147.3
192,41080,20543,11,100,CMI,CUMMINS INC,CMI,333618,N,A,R,0,0,1,3519,6,458,1,0,9/10/1964,12/31/2024,9/10/1964,12/31/2024,9/10/1964,12/31/2024,23523160.57
8,10874,20344,11,100,BC,BRUNSWICK CORP,BC,333618,N,A,R,0,0,1,3519,10,497,1,0,12/31/1925,12/31/2024,12/31/1925,12/31/2024,12/31/1925,12/31/2024,4967032.2
248,57809,3160,11,100,NDSN,NORDSON CORP,NDSN,333912,Q,A,R,60003159,4015,3,3560,5,273,1,1935,12/13/1979,12/31/2024,12/13/1979,12/31/2024,12/13/1979,12/31/2024,6514844.8
36,13035,53896,11,100,XYL,XYLEM INC,XYL,333914,N,A,R,0,0,1,3561,4,162,1,0,11/1/2011,12/31/2024,11/1/2011,12/31/2024,11/1/2011,12/31/2024,8906961.75
310,75591,22075,11,100,IEX,IDEX CORP,IEX,333914,N,A,R,0,0,1,3561,5,400,1,0,6/2/1989,12/31/2024,6/2/1989,12/31/2024,6/2/1989,12/31/2024,6954795.24
252,58318,3302,11,100,TEX,TEREX CORP NEW,TEX,333924,N,A,R,60003301,4202,1,3537,12,444,1,117,11/7/1973,12/31/2024,11/7/1973,12/31/2024,11/7/1973,12/31/2024,3382446
227,51263,2767,11,100,MTW,MANITOWOC CO INC,MTW,333924,N,A,R,60002766,3523,1,3537,10,451,1,204,12/14/1972,12/31/2024,12/14/1972,12/31/2024,12/14/1972,12/31/2024,821530.24
193,41355,21367,11,100,PH,PARKER HANNIFIN CORP,PH,333995,N,A,R,0,0,1,3593,10,466,1,0,12/9/1964,12/31/2024,12/9/1964,12/31/2024,12/9/1964,12/31/2024,19015884.9
392,84032,31769,11,100,NOV,N O V INC,NOV,333996,N,A,R,0,0,1,3594,6,350,1,0,10/29/1996,12/31/2024,10/29/1996,12/31/2024,10/29/1996,12/31/2024,14280232.04
166,30940,1425,11,100,FLS,FLOWSERVE CORP,FLS,333996,N,A,R,60001424,1825,1,3594,8,418,1,260,12/14/1972,12/31/2024,12/14/1972,12/31/2024,12/14/1972,12/31/2024,6393452.52
30,12570,20964,11,100,ITT,I T T INC,ITT,333996,N,A,R,0,0,1,3594,17,510,1,0,12/31/1925,12/31/2024,12/31/1925,12/31/2024,12/31/1925,12/31/2024,3453912
410,85621,32158,11,100,MTD,METTLER TOLEDO INTERNATIONAL INC,MTD,333998,N,A,R,0,0,1,3596,6,333,1,0,11/14/1997,12/31/2024,11/14/1997,12/31/2024,11/14/1997,12/31/2024,11080774.86
28,12490,20990,11,100,IBM,INTERNATIONAL BUSINESS MACHS COR,IBM,334111,N,A,R,0,0,1,3571,8,535,1,0,12/31/1925,12/31/2024,12/31/1925,12/31/2024,12/31/1925,12/31/2024,152323462.1
155,27828,20908,11,100,HPQ,H P INC,HPQ,334111,N,A,R,0,0,1,3571,13,465,1,0,3/17/1961,12/31/2024,3/17/1961,12/31/2024,3/17/1961,12/31/2024,25325947.35
293,66384,4879,11,100,WDC,WESTERN DIGITAL CORP,WDC,334112,Q,A,R,60020537,27434,3,3572,6,400,1,374,1/26/1973,12/31/2024,1/26/1973,12/31/2024,1/26/1973,12/31/2024,19995840
382,82598,14152,11,100,NTAP,NETAPP INC,NTAP,334112,Q,A,R,60014000,19072,3,3572,3,240,1,1988,11/21/1995,12/31/2024,11/21/1995,12/31/2024,11/21/1995,12/31/2024,9912220.76
513,92293,52762,11,100,TDC,TERADATA CORP DE,TDC,334112,N,A,R,0,0,1,3572,2,209,1,0,10/1/2007,12/31/2024,10/1/2007,12/31/2024,10/1/2007,12/31/2024,3582642
316,76076,10486,11,100,CSCO,CISCO SYSTEMS INC,CSCO,334118,Q,A,R,60010404,14115,3,3674,5,251,1,2298,2/16/1990,12/31/2024,2/16/1990,12/31/2024,2/16/1990,12/31/2024,153303439.9
43,13511,54139,11,100,PANW,PALO ALTO NETWORKS INC,PANW,334118,Q,A,R,60072477,70893,3,7371,6,151,1,71,7/20/2012,12/31/2024,7/20/2012,12/31/2024,7/20/2012,12/31/2024,11638620.84
430,86979,16614,11,100,JNPR,JUNIPER NETWORKS INC,JNPR,334118,N,A,R,60017052,22994,1,3577,8,280,1,1215,6/25/1999,12/31/2024,6/25/1999,12/31/2024,6/25/1999,12/31/2024,10877237.8
158,27983,21945,11,100,XRX,XEROX HOLDINGS CORP,XRX,334118,Q,A,R,60020608,27523,3,3577,16,448,1,59,7/11/1961,12/31/2024,7/11/1961,12/31/2024,7/11/1961,12/31/2024,6984923.53
64,14714,54907,11,100,ANET,ARISTA NETWORKS INC,ANET,334118,N,A,R,0,0,1,3577,2,130,1,0,6/6/2014,12/31/2024,6/6/2014,12/31/2024,6/6/2014,12/31/2024,6814485.54
523,93132,53286,11,100,FTNT,FORTINET INC,FTNT,334118,Q,A,R,60069153,65163,3,9999,2,124,1,544,11/18/2009,12/31/2024,11/18/2009,12/31/2024,11/18/2009,12/31/2024,5213109.36
330,76795,11092,11,100,ZBRA,ZEBRA TECHNOLOGIES CORP,ZBRA,334118,Q,A,R,60010998,15051,3,3577,7,261,1,1782,8/15/1991,12/31/2024,8/15/1991,12/31/2024,8/15/1991,12/31/2024,4561331.25
399,84519,15321,11,100,CIEN,CIENA CORP,CIEN,334210,N,A,R,60015159,20499,1,3661,9,276,1,1554,2/7/1997,12/31/2024,2/7/1997,12/31/2024,2/7/1997,12/31/2024,3429483.4
61,14593,7,11,100,AAPL,APPLE INC,AAPL,334220,Q,A,R,60000006,8,3,3571,5,306,1,2761,12/12/1980,12/31/2024,12/12/1980,12/31/2024,12/12/1980,12/31/2024,610695328.4
334,77178,11253,11,100,QCOM,QUALCOMM INC,QCOM,334220,Q,A,R,60011157,15270,3,3663,7,265,1,2458,12/13/1991,12/31/2024,12/13/1991,12/31/2024,12/13/1991,12/31/2024,96661200
120,22779,21230,11,100,MSI,MOTOROLA SOLUTIONS INC,MSI,334220,N,A,R,0,0,1,3663,10,492,1,0,5/20/1946,12/31/2024,5/20/1946,12/31/2024,5/20/1946,12/31/2024,13874506.8
258,59328,2367,11,100,INTC,INTEL CORP,INTC,334413,Q,A,R,60002366,3017,3,3679,3,283,1,2765,12/14/1972,12/31/2024,12/14/1972,12/31/2024,12/14/1972,12/31/2024,173118000
77,15579,21737,11,100,TXN,TEXAS INSTRUMENTS INC,TXN,334413,Q,A,R,60020380,27242,3,3674,7,455,1,409,2/11/1926,12/31/2024,2/11/1926,12/31/2024,2/11/1926,12/31/2024,73284502.72
520,93002,53196,11,100,AVGO,BROADCOM INC,AVGO,334413,Q,A,R,60067764,62262,3,9999,5,156,1,663,8/6/2009,12/31/2024,8/6/2009,12/31/2024,8/6/2009,12/31/2024,70859832.2
425,86580,16382,11,100,NVDA,NVIDIA CORP,NVDA,334413,Q,A,R,60016697,22463,3,3670,4,237,1,1872,1/22/1999,12/31/2024,1/22/1999,12/31/2024,1/22/1999,12/31/2024,54983390
240,53613,7065,11,100,MU,MICRON TECHNOLOGY INC,MU,334413,Q,A,R,60019448,26077,3,3674,8,380,1,1109,6/1/1984,12/31/2024,6/1/1984,12/31/2024,6/1/1984,12/31/2024,24867057.6
266,60871,282,11,100,ADI,ANALOG DEVICES INC,ADI,334413,Q,A,R,60017759,23966,3,3674,6,364,1,437,12/14/1972,12/31/2024,12/14/1972,12/31/2024,12/14/1972,12/31/2024,22343938.36
214,48486,7013,11,100,LRCX,LAM RESH CORP,LRCX,334413,Q,A,R,60006983,9016,3,3559,8,291,1,2101,5/4/1984,12/31/2024,5/4/1984,12/31/2024,5/4/1984,12/31/2024,17414411.82
207,45911,20058,11,100,SWKS,SKYWORKS SOLUTIONS INC,SWKS,334413,Q,A,R,60015965,21589,3,3674,4,364,1,1890,3/13/1968,12/31/2024,3/13/1968,12/31/2024,3/13/1968,12/31/2024,13887720
347,78987,12027,11,100,MCHP,MICROCHIP TECHNOLOGY INC,MCHP,334413,Q,A,R,60011914,16333,3,3670,2,263,1,1923,3/19/1993,12/31/2024,3/19/1993,12/31/2024,3/19/1993,12/31/2024,13819055.5
270,61241,211,11,100,AMD,ADVANCED MICRO DEVICES INC,AMD,334413,Q,A,R,60017840,24069,3,3674,6,423,1,431,12/14/1972,12/31/2024,12/14/1972,12/31/2024,12/14/1972,12/31/2024,10687050
403,85035,15506,11,100,QRVO,QORVO INC,QRVO,334413,Q,A,R,2003969,75199,3,3670,5,240,1,2011,6/3/1997,12/31/2024,6/3/1997,12/31/2024,6/3/1997,12/31/2024,6682909.9
445,88182,37176,11,100,ON,ON SEMICONDUCTOR CORP,ON,334413,Q,A,R,60017602,23711,3,3674,4,227,1,1408,4/28/2000,12/31/2024,4/28/2000,12/31/2024,4/28/2000,12/31/2024,5316373.98
504,91611,51447,11,100,FSLR,FIRST SOLAR INC,FSLR,334413,Q,A,R,60062652,54143,3,3674,4,169,1,758,11/17/2006,12/31/2024,11/17/2006,12/31/2024,11/17/2006,12/31/2024,3489333.9
484,90455,45879,11,100,MPWR,MONOLITHIC PWR SYS INC,MPWR,334413,Q,A,R,60057385,45157,3,3674,4,183,1,931,11/19/2004,12/31/2024,11/19/2004,12/31/2024,11/19/2004,12/31/2024,3410702.73
71,15272,55214,11,100,SEDG,SOLAREDGE TECHNOLOGIES INC,SEDG,334413,Q,A,R,60075181,75877,3,9999,1,88,1,385,3/26/2015,12/31/2024,3/26/2015,12/31/2024,3/26/2015,12/31/2024,544618.8
39,13323,54026,11,100,ENPH,ENPHASE ENERGY INC,ENPH,334413,Q,A,R,60071358,68868,3,9999,2,122,1,470,3/30/2012,12/31/2024,3/30/2012,12/31/2024,3/30/2012,12/31/2024,65382.45
401,84769,31967,11,100,APH,AMPHENOL CORP NEW,APH,334417,N,A,R,0,0,1,3678,3,342,1,0,5/20/1997,12/31/2024,5/20/1997,12/31/2024,5/20/1997,12/31/2024,20800671.54
349,79094,12108,11,100,JBL,JABIL INC,JBL,334418,N,A,R,60011995,16431,1,3672,6,350,1,191,4/29/1993,12/31/2024,4/29/1993,12/31/2024,4/29/1993,12/31/2024,4424118.16
351,79108,12083,11,100,SANM,SANMINA CORP,SANM,334418,Q,A,R,60011970,16400,3,3672,7,259,1,1888,4/14/1993,12/31/2024,4/14/1993,12/31/2024,4/14/1993,12/31/2024,2689406.6
416,85914,7506,11,100,BBY,BEST BUY COMPANY INC,BBY,334419,N,A,R,60007464,9754,1,3679,8,418,1,92,4/18/1985,12/31/2024,4/18/1985,12/31/2024,4/18/1985,12/31/2024,13419199.76
438,87445,36380,11,100,TDY,TELEDYNE TECHNOLOGIES,TDY,334419,N,A,R,0,0,1,3679,4,306,1,0,11/30/1999,12/31/2024,11/30/1999,12/31/2024,11/30/1999,12/31/2024,4332684
318,76095,10504,11,100,HOLX,HOLOGIC INC,HOLX,334510,Q,A,R,60010422,14145,3,3844,4,274,1,2001,3/1/1990,12/31/2024,3/1/1990,12/31/2024,3/1/1990,12/31/2024,11213734.4
194,42200,20616,11,100,RVTY,REVVITY INC,RVTY,334510,N,A,R,0,0,1,3845,11,470,1,0,7/6/1965,12/31/2024,7/6/1965,12/31/2024,7/6/1965,12/31/2024,5804789.55
139,24766,21303,11,100,NOC,NORTHROP GRUMMAN CORP,NOC,334511,N,A,R,0,0,1,3812,8,478,1,0,12/10/1951,12/31/2024,12/10/1951,12/31/2024,12/10/1951,12/31/2024,41402181.18
146,25582,20883,11,100,LHX,L3HARRIS TECHNOLOGIES INC,LHX,334511,N,A,R,0,0,1,3812,10,471,1,0,7/13/1955,12/31/2024,7/13/1955,12/31/2024,7/13/1955,12/31/2024,12765733.44
336,77338,11344,11,100,ROP,ROPER TECHNOLOGIES INC,ROP,334513,Q,A,R,60019954,26732,3,3823,8,363,1,69,2/13/1992,12/31/2024,2/13/1992,12/31/2024,2/13/1992,12/31/2024,18758188.61
81,16087,55585,11,100,FTV,FORTIVE CORP,FTV,334513,N,A,R,0,0,1,3823,4,105,1,0,7/5/2016,12/31/2024,7/5/2016,12/31/2024,7/5/2016,12/31/2024,15999886.71
405,85257,32054,11,100,AME,AMETEK INC NEW,AME,334513,N,A,R,0,0,1,3823,4,338,1,0,8/8/1997,12/31/2024,8/8/1997,12/31/2024,8/8/1997,12/31/2024,11391083.04
69,14939,55033,11,100,KEYS,KEYSIGHT TECHNOLOGIES INC,KEYS,334513,N,A,R,0,0,1,3823,2,124,1,0,11/3/2014,12/31/2024,11/3/2014,12/31/2024,11/3/2014,12/31/2024,6220024.6
228,51369,21731,11,100,TER,TERADYNE INC,TER,334515,Q,A,R,60020243,27080,3,3825,6,423,1,117,10/19/1970,12/31/2024,10/19/1970,12/31/2024,10/19/1970,12/31/2024,5107014.36
448,88446,37938,11,100,ILMN,ILLUMINA INC,ILMN,334516,Q,A,R,60017719,23918,3,3826,4,212,1,1412,7/28/2000,12/31/2024,7/28/2000,12/31/2024,7/28/2000,12/31/2024,18688608.82
437,87432,36364,11,100,A,AGILENT TECHNOLOGIES INC,A,334516,N,A,R,0,0,1,3826,7,311,1,0,11/18/1999,12/31/2024,11/18/1999,12/31/2024,11/18/1999,12/31/2024,14958064.52
385,82651,31208,11,100,WAT,WATERS CORP,WAT,334516,N,A,R,0,0,1,3826,6,359,1,0,11/17/1995,12/31/2024,11/17/1995,12/31/2024,11/17/1995,12/31/2024,10993255.73
272,61516,655,11,100,BIO,BIO RAD LABORATORIES INC,BIO,334516,N,A,R,60000654,0,1,3826,8,428,1,0,2/27/1980,12/31/2024,2/27/1980,12/31/2024,2/27/1980,12/31/2024,4466113.47
358,79879,12583,11,100,VIAV,VIAVI SOLUTIONS INC,VIAV,334516,Q,A,R,60012466,17054,3,3674,9,270,1,2108,11/17/1993,12/31/2024,11/17/1993,12/31/2024,11/17/1993,12/31/2024,1931160
275,62092,4557,11,100,TMO,THERMO FISHER SCIENTIFIC INC,TMO,334519,N,A,R,60004556,5782,1,3829,7,447,1,0,12/14/1972,12/31/2024,12/14/1972,12/31/2024,12/14/1972,12/31/2024,56753241.75
223,49680,20557,11,100,DHR,DANAHER CORP,DHR,334519,N,A,R,0,0,1,3829,10,441,1,0,12/10/1969,12/31/2024,12/10/1969,12/31/2024,12/10/1969,12/31/2024,48106314.61
321,76230,10691,11,100,TRMB,TRIMBLE INC,TRMB,334519,Q,A,R,60010608,14434,3,3810,8,259,1,1760,7/20/1990,12/31/2024,7/20/1990,12/31/2024,7/20/1990,12/31/2024,7606851
348,79089,12074,11,100,FOSL,FOSSIL GROUP INC,FOSL,334519,Q,A,R,60011961,16390,3,3873,5,253,1,1727,4/8/1993,12/31/2024,4/8/1993,12/31/2024,4/8/1993,12/31/2024,1272853.53
462,89216,42401,11,100,AYI,ACUITY BRANDS INC,AYI,335139,N,A,R,0,0,1,3648,6,285,1,0,11/14/2001,12/31/2024,11/14/2001,12/31/2024,11/14/2001,12/31/2024,10324031.96
160,28118,21247,11,100,NC,NACCO INDUSTRIES INC,NC,335210,N,A,R,0,0,1,3634,10,458,1,0,9/13/1961,12/31/2024,9/13/1961,12/31/2024,9/13/1961,12/31/2024,153547.5
144,25419,21916,11,100,WHR,WHIRLPOOL CORP,WHR,335220,N,A,R,0,0,1,3639,8,471,1,0,1/3/1955,12/31/2024,1/3/1955,12/31/2024,1/3/1955,12/31/2024,13739505.69
286,65402,21625,11,100,AOS,SMITH A O CORP,AOS,335220,N,A,R,0,0,1,3639,9,424,1,0,9/30/1983,12/31/2024,9/30/1983,12/31/2024,9/30/1983,12/31/2024,7015750
397,84381,31847,11,100,ROK,ROCKWELL AUTOMATION INC,ROK,335312,N,A,R,0,0,1,3621,10,350,1,0,12/16/1996,12/31/2024,12/16/1996,12/31/2024,12/16/1996,12/31/2024,17833421.67
524,93246,53339,11,100,GNRC,GENERAC HOLDINGS INC,GNRC,335312,N,A,R,0,0,1,3621,1,179,1,0,2/11/2010,12/31/2024,2/11/2010,12/31/2024,2/11/2010,12/31/2024,2677323.78
170,32942,20945,11,100,HUBB,HUBBELL INC,HUBB,335999,N,A,R,0,0,1,3699,11,441,1,0,7/2/1962,12/31/2024,7/2/1962,12/31/2024,7/2/1962,12/31/2024,6512197.48
505,91668,51555,11,100,IPGP,I P G PHOTONICS CORP,IPGP,335999,Q,A,R,60062399,53809,3,3674,2,162,1,912,12/13/2006,12/31/2024,12/13/2006,12/31/2024,12/13/2006,12/31/2024,5260232.56
25,12369,53554,11,100,GM,GENERAL MOTORS CO,GM,336110,N,A,R,0,0,1,3711,2,172,1,0,11/18/2010,12/31/2024,11/18/2010,12/31/2024,11/18/2010,12/31/2024,53672397.95
147,25785,20750,11,100,F,FORD MOTOR CO DEL,F,336110,N,A,R,0,0,1,3711,8,448,1,0,3/7/1956,12/31/2024,3/7/1956,12/31/2024,3/7/1956,12/31/2024,49137045.17
526,93436,53453,11,100,TSLA,TESLA INC,TSLA,336110,Q,A,R,60069832,66252,3,9999,4,131,1,724,6/29/2010,12/31/2024,6/29/2010,12/31/2024,6/29/2010,12/31/2024,35057123.01
263,60506,3487,11,100,PCAR,PACCAR INC,PCAR,336110,Q,A,R,60003486,4437,3,3711,6,306,1,1707,12/14/1972,12/31/2024,12/14/1972,12/31/2024,12/14/1972,12/31/2024,22907724
353,79545,29936,11,100,BWA,BORGWARNER INC,BWA,336390,N,A,R,0,0,1,3714,8,386,1,0,8/13/1993,12/31/2024,8/13/1993,12/31/2024,8/13/1993,12/31/2024,7292956.543
101,19561,20315,11,100,BA,BOEING CO,BA,336411,N,A,R,0,0,1,3721,7,501,1,0,9/5/1934,12/31/2024,9/5/1934,12/31/2024,9/5/1934,12/31/2024,96876547.02
21,12052,20791,11,100,GD,GENERAL DYNAMICS CORP,GD,336411,N,A,R,0,0,1,3721,8,489,1,0,1/28/1926,12/31/2024,1/28/1926,12/31/2024,1/28/1926,12/31/2024,53428034
126,23579,21743,11,100,TXT,TEXTRON INC,TXT,336411,N,A,R,0,0,1,3721,13,477,1,0,12/22/1947,12/31/2024,12/22/1947,12/31/2024,12/22/1947,12/31/2024,13307744
3,10145,22168,11,100,HON,HONEYWELL INTERNATIONAL INC,HON,336412,Q,A,R,60018933,25476,3,3724,19,497,1,96,12/31/1925,12/31/2024,12/31/1925,12/31/2024,12/31/1925,12/31/2024,84983633.12
92,17830,21832,11,100,RTX,R T X CORP,RTX,336412,N,A,R,0,0,1,3724,13,504,1,0,4/11/1929,12/31/2024,4/11/1929,12/31/2024,4/11/1929,12/31/2024,50342678.85
498,91152,50481,11,100,TDG,TRANSDIGM GROUP INC,TDG,336413,N,A,R,0,0,1,3728,1,227,1,0,3/15/2006,12/31/2024,3/15/2006,12/31/2024,3/15/2006,12/31/2024,13365807.39
106,21178,21110,11,100,LMT,LOCKHEED MARTIN CORP,LMT,336414,N,A,R,0,0,1,3761,10,486,1,0,12/9/1939,12/31/2024,12/9/1939,12/31/2024,12/9/1939,12/31/2024,74214003.87
374,81677,30913,11,100,WAB,WABTEC CORP,WAB,336510,N,A,R,0,0,1,3743,6,363,1,0,6/16/1995,12/31/2024,6/16/1995,12/31/2024,6/16/1995,12/31/2024,7483913.46
33,12623,53697,11,100,HII,HUNTINGTON INGALLS INDS INC,HII,336611,N,A,R,0,0,1,3731,4,168,1,0,3/31/2011,12/31/2024,3/31/2011,12/31/2024,3/31/2011,12/31/2024,8765492.3
298,70033,20881,11,100,HOG,HARLEY DAVIDSON INC,HOG,336991,N,A,R,0,0,1,3751,7,417,1,0,7/8/1986,12/31/2024,7/8/1986,12/31/2024,7/8/1986,12/31/2024,10419000.62
267,60943,2636,11,100,LEG,LEGGETT & PLATT INC,LEG,337910,N,A,R,60002635,3358,1,2515,6,444,1,0,12/14/1972,12/31/2024,12/14/1972,12/31/2024,12/14/1972,12/31/2024,6597108
114,22111,21018,11,100,JNJ,JOHNSON & JOHNSON,JNJ,339112,N,A,R,0,0,1,3841,9,496,1,0,9/25/1944,12/31/2024,9/25/1944,12/31/2024,9/25/1944,12/31/2024,315146426.9
118,22592,21205,11,100,MMM,3M CO,MMM,339112,N,A,R,0,0,1,3841,14,489,1,0,1/14/1946,12/31/2024,1/14/1946,12/31/2024,1/14/1946,12/31/2024,90468516.94
305,73139,4298,11,100,SYK,STRYKER CORP,SYK,339112,N,A,R,60004297,5453,1,3841,7,410,1,298,5/2/1979,12/31/2024,5/2/1979,12/31/2024,5/2/1979,12/31/2024,44720802.36
188,39642,20284,11,100,BDX,BECTON DICKINSON & CO,BDX,339112,N,A,R,0,0,1,3841,4,456,1,0,9/25/1963,12/31/2024,9/25/1963,12/31/2024,9/25/1963,12/31/2024,34415514.93
340,77605,29489,11,100,BSX,BOSTON SCIENTIFIC CORP,BSX,339112,N,A,R,0,0,1,3841,4,385,1,0,5/19/1992,12/31/2024,5/19/1992,12/31/2024,5/19/1992,12/31/2024,29793492.76
156,27887,20277,11,100,BAX,BAXTER INTERNATIONAL INC,BAX,339112,N,A,R,0,0,1,3841,11,471,1,0,5/16/1961,12/31/2024,5/16/1961,12/31/2024,5/16/1961,12/31/2024,24171804.8
375,81736,13753,11,100,RMD,RESMED INC,RMD,339112,N,A,R,60013607,18572,1,3841,8,329,1,276,6/2/1995,12/31/2024,6/2/1995,12/31/2024,6/2/1995,12/31/2024,8732843.7
203,44329,21723,11,100,TFX,TELEFLEX INC,TFX,339112,N,A,R,0,0,1,3841,7,453,1,0,4/24/1967,12/31/2024,4/24/1967,12/31/2024,4/24/1967,12/31/2024,6998259.58
488,90664,46559,11,100,DXCM,DEXCOM INC,DXCM,339112,Q,A,R,60058481,47974,3,3841,3,177,1,907,4/14/2005,12/31/2024,4/14/2005,12/31/2024,4/14/2005,12/31/2024,4927950
509,92050,52301,11,100,PODD,INSULET CORP,PODD,339112,Q,A,R,60064211,56211,3,3841,4,166,1,825,5/15/2007,12/31/2024,5/15/2007,12/31/2024,5/15/2007,12/31/2024,2146056.3
447,88352,37727,11,100,ISRG,INTUITIVE SURGICAL INC,ISRG,339113,Q,A,R,60017642,23792,3,3842,5,214,1,1496,6/13/2000,12/31/2024,6/13/2000,12/31/2024,6/13/2000,12/31/2024,25286525.21
441,87657,36952,11,100,EW,EDWARDS LIFESCIENCES CORP,EW,339113,N,A,R,0,0,1,3842,5,303,1,0,4/3/2000,12/31/2024,4/3/2000,12/31/2024,4/3/2000,12/31/2024,20423513.28
458,89070,41870,11,100,ZBH,ZIMMER BIOMET HOLDINGS INC,ZBH,339113,N,A,R,0,0,1,3842,5,286,1,0,8/7/2001,12/31/2024,8/7/2001,12/31/2024,8/7/2001,12/31/2024,20279922.12
14,11600,9424,11,100,XRAY,DENTSPLY SIRONA INC,XRAY,339114,Q,A,R,60009368,12540,3,3840,4,274,1,1686,8/12/1987,12/31/2024,8/12/1987,12/31/2024,8/12/1987,12/31/2024,13488462
452,88860,41154,11,100,ALGN,ALIGN TECHNOLOGY INC,ALGN,339114,Q,A,R,60020999,28214,3,3843,5,219,1,1261,1/26/2001,12/31/2024,1/26/2001,12/31/2024,1/26/2001,12/31/2024,7713458.88
383,82621,14097,11,100,MLSS,MILESTONE SCIENTIFIC INC,MLSS,339114,A,A,R,60013946,19004,2,3843,10,233,1,102,11/7/1995,12/31/2024,11/7/1995,12/31/2024,11/7/1995,12/31/2024,39093.6
287,65541,5780,11,100,COO,COOPER COMPANIES INC,COO,339115,Q,A,R,60018295,24652,3,3851,9,422,1,47,1/21/1983,12/31/2024,1/21/1983,12/31/2024,1/21/1983,12/31/2024,8545042.562
237,52978,20887,11,100,HAS,HASBRO INC,HAS,339930,Q,A,R,60016391,22076,3,3944,8,404,1,396,8/11/1971,12/31/2024,8/11/1971,12/31/2024,8/11/1971,12/31/2024,9934062.6
187,39538,21168,11,100,MAT,MATTEL INC,MAT,339930,Q,A,R,60019288,25896,3,3942,11,412,1,419,8/12/1963,12/31/2024,8/12/1963,12/31/2024,8/12/1963,12/31/2024,9751552
365,80320,12926,11,100,CPRT,COPART INC,CPRT,423110,Q,A,R,60012796,17465,3,5010,4,266,1,1663,3/17/1994,12/31/2024,3/17/1994,12/31/2024,3/17/1994,12/31/2024,6384731.92
209,46674,20807,11,100,GPC,GENUINE PARTS CO,GPC,423120,N,A,R,0,0,1,5013,6,453,1,0,8/20/1968,12/31/2024,8/20/1968,12/31/2024,8/20/1968,12/31/2024,14223719.31
309,75573,9798,11,100,ODP,O D P CORP,ODP,423420,Q,A,R,60019663,26335,3,5940,7,394,1,408,6/1/1988,12/31/2024,6/1/1988,12/31/2024,6/1/1988,12/31/2024,2328206.8
381,82581,14098,11,100,HSIC,SCHEIN HENRY INC,HSIC,423450,Q,A,R,60013947,19005,3,5047,4,244,1,1698,11/3/1995,12/31/2024,11/3/1995,12/31/2024,11/3/1995,12/31/2024,9693124.478
345,78034,11778,11,100,PDCO,PATTERSON COMPANIES INC,PDCO,423450,Q,A,R,60011671,15983,3,5990,4,270,1,1485,10/28/1992,12/31/2024,10/28/1992,12/31/2024,10/28/1992,12/31/2024,4166027.95
235,52695,20841,11,100,GWW,GRAINGER W W INC,GWW,423840,N,A,R,0,0,1,5085,10,455,1,0,6/23/1971,12/31/2024,6/23/1971,12/31/2024,6/23/1971,12/31/2024,13966186.5
15,11618,9440,11,100,FAST,FASTENAL CO,FAST,423840,Q,A,R,60009384,12569,3,5200,5,288,1,1851,8/20/1987,12/31/2024,8/20/1987,12/31/2024,8/20/1987,12/31/2024,13576155.9
380,82515,14046,11,100,POOL,POOL CORP,POOL,423910,Q,A,R,60013897,18936,3,5090,6,248,1,1816,10/13/1995,12/31/2024,10/13/1995,12/31/2024,10/13/1995,12/31/2024,4299657.6
474,89866,44497,11,100,LKQ,L K Q CORP,LKQ,423930,Q,A,R,60054303,41268,3,5015,6,206,1,973,10/3/2003,12/31/2024,10/3/2003,12/31/2024,10/3/2003,12/31/2024,9543121.35
369,81061,30521,11,100,MCK,MCKESSON H B O C INC,MCK,424210,N,A,R,0,0,1,5122,9,372,1,0,12/1/1994,12/31/2024,12/1/1994,12/31/2024,12/1/1994,12/31/2024,33332004.15
108,21371,6262,11,100,CAH,CARDINAL HEALTH INC,CAH,424210,N,A,R,60006237,7868,1,5122,9,428,1,218,8/4/1983,12/31/2024,8/4/1983,12/31/2024,8/4/1983,12/31/2024,23838292.24
371,81540,13650,11,100,COR,CENCORA INC,COR,424210,N,A,R,60013505,18448,1,5122,9,360,1,19,4/4/1995,12/31/2024,4/4/1995,12/31/2024,4/4/1995,12/31/2024,18182461
230,52038,21698,11,100,SYY,SYSCO CORP,SYY,424490,N,A,R,0,0,1,5149,9,458,1,0,2/26/1971,12/31/2024,2/26/1971,12/31/2024,2/26/1971,12/31/2024,30081205
480,90248,45379,11,100,DPZ,DOMINOS PIZZA INC,DPZ,424490,N,A,R,0,0,1,5149,4,250,1,0,7/13/2004,12/31/2024,7/13/2004,12/31/2024,7/13/2004,12/31/2024,7631843.48
135,24272,20222,11,100,ASH,ASHLAND INC 2022,ASH,424690,N,A,R,0,0,1,5169,20,496,1,0,5/8/1950,12/31/2024,5/8/1950,12/31/2024,5/8/1950,12/31/2024,3391566.978
168,32803,20922,11,100,DINO,H F SINCLAIR CORP,DINO,424720,N,A,R,0,0,1,5172,13,450,1,0,7/2/1962,12/31/2024,7/2/1962,12/31/2024,7/2/1962,12/31/2024,5925776.4
322,76282,10594,11,100,AN,AUTONATION INC DEL,AN,441110,N,A,R,60010512,14300,1,5511,9,370,1,214,5/11/1990,12/31/2024,5/11/1990,12/31/2024,5/11/1990,12/31/2024,4979448.32
469,89508,43519,11,100,KMX,CARMAX INC,KMX,441120,N,A,R,0,0,1,5521,3,270,1,0,10/1/2002,12/31/2024,10/1/2002,12/31/2024,10/1/2002,12/31/2024,12144091.82
350,79103,12097,11,100,ORLY,O REILLY AUTOMOTIVE INC NEW,ORLY,441330,Q,A,R,60011984,16417,3,5531,7,219,1,1746,4/23/1993,12/31/2024,4/23/1993,12/31/2024,4/23/1993,12/31/2024,26074699.57
323,76605,29009,11,100,AZO,AUTOZONE INC,AZO,441330,N,A,R,0,0,1,5531,8,393,1,0,4/2/1991,12/31/2024,4/2/1991,12/31/2024,4/2/1991,12/31/2024,22652377.23
463,89217,42402,11,100,AAP,ADVANCE AUTO PARTS INC,AAP,441330,N,A,R,0,0,1,5531,6,284,1,0,11/29/2001,12/31/2024,11/29/2001,12/31/2024,11/29/2001,12/31/2024,12565373.14
291,66181,5085,11,100,HD,HOME DEPOT INC,HD,444110,N,A,R,60005082,6406,1,5211,8,440,1,36,9/22/1981,12/31/2024,9/22/1981,12/31/2024,9/22/1981,12/31/2024,163611203.9
261,60206,4162,11,100,SNA,SNAP ON INC,SNA,444140,N,A,R,60004161,5271,1,5251,12,450,1,0,12/14/1972,12/31/2024,12/14/1972,12/31/2024,12/14/1972,12/31/2024,9930978.17
271,61399,2709,11,100,LOW,LOWES COMPANIES INC,LOW,444180,N,A,R,60002708,3456,1,5211,6,434,1,0,12/14/1972,12/31/2024,12/14/1972,12/31/2024,12/14/1972,12/31/2024,61715644.65
85,16678,21068,11,100,KR,KROGER CO,KR,445110,N,A,R,0,0,1,5411,7,503,1,0,1/26/1928,12/31/2024,1/26/1928,12/31/2024,1/26/1928,12/31/2024,31633575
387,83011,6149,11,100,WSM,WILLIAMS SONOMA INC,WSM,449129,N,A,R,60006126,7692,1,5719,7,391,1,338,7/7/1983,12/31/2024,7/7/1983,12/31/2024,7/7/1983,12/31/2024,4346620.08
467,89301,42775,11,100,GME,GAMESTOP CORP NEW,GME,449210,N,A,R,0,0,1,5734,8,287,1,0,2/13/2002,12/31/2024,2/13/2002,12/31/2024,2/13/2002,12/31/2024,2584568.75
242,55976,21880,11,100,WMT,WALMART INC,WMT,455110,N,A,R,0,0,1,5311,8,452,1,0,11/20/1972,12/31/2024,11/20/1972,12/31/2024,11/20/1972,12/31/2024,211005225.4
338,77462,22856,11,100,M,MACYS INC,M,455110,N,A,R,0,0,1,5311,7,390,1,0,3/17/1992,12/31/2024,3/17/1992,12/31/2024,3/17/1992,12/31/2024,10768754.1
341,77606,29494,11,100,KSS,KOHLS CORP,KSS,455110,N,A,R,0,0,1,5311,7,390,1,0,5/19/1992,12/31/2024,5/19/1992,12/31/2024,5/19/1992,12/31/2024,8784825.94
221,49429,20584,11,100,DDS,DILLARDS INC,DDS,455110,N,A,R,0,0,1,5311,11,434,1,0,10/27/1969,12/31/2024,10/27/1969,12/31/2024,10/27/1969,12/31/2024,1813765.64
432,87055,7882,11,100,COST,COSTCO WHOLESALE CORP NEW,COST,455219,Q,A,R,60012633,17254,3,5330,8,291,1,2187,11/27/1985,12/31/2024,11/27/1985,12/31/2024,11/27/1985,12/31/2024,70159805.2
219,49154,20561,11,100,TGT,TARGET CORP,TGT,455219,N,A,R,0,0,1,5331,6,447,1,0,9/8/1969,12/31/2024,9/8/1969,12/31/2024,9/8/1969,12/31/2024,40863311.25
522,93096,53264,11,100,DG,DOLLAR GENERAL CORP NEW,DG,455219,N,A,R,0,0,1,5331,5,187,1,0,11/13/2009,12/31/2024,11/13/2009,12/31/2024,11/13/2009,12/31/2024,20496026.16
370,81481,13603,11,100,DLTR,DOLLAR TREE INC,DLTR,455219,Q,A,R,60013459,18393,3,5331,5,250,1,1917,3/7/1995,12/31/2024,3/7/1995,12/31/2024,3/7/1995,12/31/2024,18260773.75
100,19502,21881,11,100,WBA,WALGREENS BOOTS ALLIANCE INC,WBA,456110,Q,A,R,60020528,27423,3,5912,8,447,1,313,2/15/1934,12/31/2024,2/15/1934,12/31/2024,2/15/1934,12/31/2024,89547853.6
86,17005,21185,11,100,CVS,C V S HEALTH CORP,CVS,456110,N,A,R,0,0,1,5912,12,501,1,0,9/27/1928,12/31/2024,9/27/1928,12/31/2024,9/27/1928,12/31/2024,85688373.65
514,92322,52788,11,100,ULTA,ULTA BEAUTY INC,ULTA,456120,Q,A,R,60065428,58120,3,5999,4,161,1,767,10/25/2007,12/31/2024,10/25/2007,12/31/2024,10/25/2007,12/31/2024,15973965.82
191,40539,21949,11,100,TJX,T J X COMPANIES INC NEW,TJX,458110,N,A,R,0,0,1,5651,11,463,1,0,5/12/1964,12/31/2024,5/12/1964,12/31/2024,5/12/1964,12/31/2024,49185930.45
503,91556,7684,11,100,ROST,ROSS STORES INC,ROST,458110,Q,A,R,60007639,10020,3,5650,6,325,1,2134,8/8/1985,12/31/2024,8/8/1985,12/31/2024,8/8/1985,12/31/2024,26019613.8
281,64282,2664,11,100,BBWI,BATH & BODY WORKS INC,BBWI,458110,N,A,R,60002663,3397,1,5621,13,451,1,0,2/9/1973,12/31/2024,2/9/1973,12/31/2024,2/9/1973,12/31/2024,14712219.22
255,59010,1892,11,100,GAP,GAP INC,GAP,458110,N,A,R,60001891,2424,1,5651,7,442,1,0,5/20/1976,12/31/2024,5/20/1976,12/31/2024,5/20/1976,12/31/2024,9365725.88
512,92203,52547,11,100,LULU,LULULEMON ATHLETICA INC,LULU,458110,Q,A,R,60065067,57424,3,5600,4,180,1,1049,7/30/2007,12/31/2024,7/30/2007,12/31/2024,7/30/2007,12/31/2024,8507531.55
249,57817,3217,11,100,JWN,NORDSTROM INC,JWN,458110,N,A,R,60003216,4095,1,5651,9,406,1,627,12/14/1972,12/31/2024,12/14/1972,12/31/2024,12/14/1972,12/31/2024,8254546.04
359,79881,12546,11,100,URBN,URBAN OUTFITTERS INC,URBN,458110,Q,A,R,60012429,17000,3,5650,5,264,1,1877,11/9/1993,12/31/2024,11/9/1993,12/31/2024,11/9/1993,12/31/2024,3321967.72
391,83976,22200,11,100,ANF,ABERCROMBIE & FITCH CO,ANF,458110,N,A,R,0,0,1,5611,5,346,1,0,9/26/1996,12/31/2024,9/26/1996,12/31/2024,9/26/1996,12/31/2024,819544.25
75,15456,21936,11,100,FL,FOOT LOCKER INC,FL,458210,N,A,R,0,0,1,5661,14,493,1,0,12/31/1925,12/31/2024,12/31/1925,12/31/2024,12/31/1925,12/31/2024,9494541.45
7,10866,20342,11,100,CAL,CALERES INC,CAL,458210,N,A,R,0,0,1,5661,13,502,1,0,12/31/1925,12/31/2024,12/31/1925,12/31/2024,12/31/1925,12/31/2024,1400371.23
402,84788,15473,11,100,AMZN,AMAZON COM INC,AMZN,459999,Q,A,R,60015310,20733,3,7370,5,239,1,2015,5/15/1997,12/31/2024,5/15/1997,12/31/2024,5/15/1997,12/31/2024,359500580.5
424,86356,16285,11,100,EBAY,EBAY INC,EBAY,459999,Q,A,R,60016118,21770,3,7389,9,240,1,2097,9/24/1998,12/31/2024,9/24/1998,12/31/2024,9/24/1998,12/31/2024,32436080
364,80286,12863,11,100,TSCO,TRACTOR SUPPLY CO NEW,TSCO,459999,Q,A,R,60012735,17391,3,5999,7,247,1,1846,2/18/1994,12/31/2024,2/18/1994,12/31/2024,2/18/1994,12/31/2024,9927340.5
72,15291,55229,11,100,ETSY,ETSY INC,ETSY,459999,Q,A,R,60075245,75997,3,9999,3,86,1,247,4/16/2015,12/31/2024,4/16/2015,12/31/2024,4/16/2015,12/31/2024,1377759.24
507,91926,20569,11,100,DAL,DELTA AIR LINES INC,DAL,481111,N,A,R,0,0,1,4512,1,213,1,0,5/3/2007,12/31/2024,5/3/2007,12/31/2024,5/3/2007,12/31/2024,37055967.84
253,58683,4181,11,100,LUV,SOUTHWEST AIRLINES CO,LUV,481111,N,A,R,60004180,5299,1,4512,10,452,1,0,12/14/1972,12/31/2024,12/14/1972,12/31/2024,12/14/1972,12/31/2024,30767588.04
105,21020,20010,11,100,AAL,AMERICAN AIRLINES GROUP INC,AAL,481111,Q,A,R,60017848,73578,3,4512,9,423,1,420,6/10/1939,12/31/2024,6/10/1939,12/31/2024,6/10/1939,12/31/2024,23487712.2
497,91103,21793,11,100,UAL,UNITED AIRLINES HOLDINGS INC,UAL,481111,Q,A,R,60060121,50997,3,4512,4,212,1,632,2/2/2006,12/31/2024,2/2/2006,12/31/2024,2/2/2006,12/31/2024,23069865.06
164,28804,20035,11,100,ALK,ALASKA AIRGROUP INC,ALK,481111,N,A,R,0,0,1,4512,7,455,1,0,7/2/1962,12/31/2024,7/2/1962,12/31/2024,7/2/1962,12/31/2024,10848024
217,48725,21810,11,100,UNP,UNION PACIFIC CORP,UNP,482111,N,A,R,0,0,1,4011,5,450,1,0,7/16/1969,12/31/2024,7/16/1969,12/31/2024,7/16/1969,12/31/2024,84487962.24
276,62148,20370,11,100,CSX,C S X CORP,CSX,482111,Q,A,R,60018345,24715,3,4011,5,412,1,342,11/13/1980,12/31/2024,11/13/1980,12/31/2024,11/13/1980,12/31/2024,33616763.29
332,77037,11161,11,100,ODFL,OLD DOMINION FREIGHT LINE INC,ODFL,484121,Q,A,R,60011067,15131,3,4210,3,268,1,1624,10/24/1991,12/31/2024,10/24/1991,12/31/2024,10/24/1991,12/31/2024,7152147.26
183,38156,21923,11,100,WMB,WILLIAMS COS,WMB,486210,N,A,R,0,0,1,4922,8,458,1,0,7/2/1962,12/31/2024,7/2/1962,12/31/2024,7/2/1962,12/31/2024,23621332.02
27,12476,53621,11,100,TRGP,TARGA RESOURCES CORP,TRGP,486210,N,A,R,0,0,1,4922,3,172,1,0,12/7/2010,12/31/2024,12/7/2010,12/31/2024,12/7/2010,12/31/2024,10484349.46
282,64311,21294,11,100,NSC,NORFOLK SOUTHERN CORP,NSC,488510,N,A,R,0,0,1,4731,5,424,1,0,6/25/1982,12/31/2024,6/25/1982,12/31/2024,6/25/1982,12/31/2024,31234874.58
196,42877,6606,11,100,JBHT,HUNT J B TRANSPORT SERVICES INC,JBHT,488510,Q,A,R,60006581,8379,3,4213,3,191,1,1678,11/22/1983,12/31/2024,11/22/1983,12/31/2024,11/22/1983,12/31/2024,10770984.85
408,85459,15758,11,100,CHRW,CH ROBINSON WORLDWIDE INC,CHRW,488510,Q,A,R,60015595,21115,3,4731,6,256,1,1533,10/15/1997,12/31/2024,10/15/1997,12/31/2024,10/15/1997,12/31/2024,10290645.3
442,87717,7232,11,100,EXPD,EXPEDITORS INTERNATIONAL WA INC,EXPD,488510,N,A,R,60007198,9341,1,4731,4,289,1,1783,9/26/1984,12/31/2024,9/26/1984,12/31/2024,9/26/1984,12/31/2024,9550406.7
439,87447,36383,11,100,UPS,UNITED PARCEL SERVICE INC,UPS,492110,N,A,R,0,0,1,4215,7,311,1,0,11/10/1999,12/31/2024,11/10/1999,12/31/2024,11/10/1999,12/31/2024,79331548.8
265,60628,1685,11,100,FDX,FEDEX CORP,FDX,492110,N,A,R,60001684,2154,1,4513,6,440,1,0,4/12/1978,12/31/2024,4/12/1978,12/31/2024,4/12/1978,12/31/2024,50023739.3
436,87356,17205,11,100,TKO,T K O GROUP HOLDINGS INC,TKO,512110,N,A,R,60017271,23267,1,7812,11,307,1,134,10/19/1999,12/31/2024,10/19/1999,12/31/2024,10/19/1999,12/31/2024,701419.2
55,13963,54433,11,100,NWSA,NEWS CORP NEW,NWSA,513110,Q,A,R,60073265,72417,3,9999,2,104,1,251,7/1/2013,12/31/2024,7/1/2013,12/31/2024,7/1/2013,12/31/2024,4462949.75
213,47941,20782,11,100,TGNA,TEGNA INC,TGNA,513110,N,A,R,0,0,1,2711,7,456,1,0,3/10/1969,12/31/2024,3/10/1969,12/31/2024,3/10/1969,12/31/2024,2900367.42
211,47466,21280,11,100,NYT,NEW YORK TIMES CO,NYT,513110,N,A,R,0,0,1,2711,6,432,1,0,1/14/1969,12/31/2024,1/14/1969,12/31/2024,1/14/1969,12/31/2024,2155712.2
225,50286,21090,11,100,LEE,LEE ENTERPRISES INC,LEE,513110,Q,A,R,60019214,25801,3,2711,7,435,1,199,3/17/1970,12/31/2024,3/17/1970,12/31/2024,3/17/1970,12/31/2024,158354.55
1,10107,8048,11,100,MSFT,MICROSOFT CORP,MSFT,513210,Q,A,R,60008001,10539,3,7370,3,280,1,2260,3/13/1986,12/31/2024,3/13/1986,12/31/2024,3/13/1986,12/31/2024,483743400
308,75510,8476,11,100,ADBE,ADOBE INC,ADBE,513210,Q,A,R,60008426,11171,3,7372,4,285,1,2189,8/13/1986,12/31/2024,8/13/1986,12/31/2024,8/13/1986,12/31/2024,51145403.92
479,90215,45288,11,100,CRM,SALESFORCE INC,CRM,513210,N,A,R,0,0,1,7372,7,255,1,0,6/23/2004,12/31/2024,6/23/2004,12/31/2024,6/23/2004,12/31/2024,47903290.76
346,78975,12011,11,100,INTU,INTUIT INC,INTU,513210,Q,A,R,60011898,16316,3,7370,5,258,1,1889,3/12/1993,12/31/2024,3/12/1993,12/31/2024,3/12/1993,12/31/2024,29452767.75
314,75828,10303,11,100,EA,ELECTRONIC ARTS INC,EA,513210,Q,A,R,60010230,13841,3,7372,7,278,1,2112,9/20/1989,12/31/2024,9/20/1989,12/31/2024,9/20/1989,12/31/2024,24305190
78,15707,55421,11,100,HPE,HEWLETT PACKARD ENTERPRISE CO,HPE,513210,N,A,R,0,0,1,7372,5,115,1,0,11/2/2015,12/31/2024,11/2/2015,12/31/2024,11/2/2015,12/31/2024,22654756.42
411,85631,7623,11,100,ADSK,AUTODESK INC,ADSK,513210,Q,A,R,60007579,9925,3,7370,4,297,1,2144,6/28/1985,12/31/2024,6/28/1985,12/31/2024,6/28/1985,12/31/2024,16954316.08
435,87299,17300,11,100,AKAM,AKAMAI TECHNOLOGIES INC,AKAM,513210,Q,A,R,60017302,23305,3,7372,8,235,1,1726,10/29/1999,12/31/2024,10/29/1999,12/31/2024,10/29/1999,12/31/2024,11706840.35
337,77357,11361,11,100,SNPS,SYNOPSYS INC,SNPS,513210,Q,A,R,60011261,15412,3,7370,4,268,1,2027,2/26/1992,12/31/2024,2/26/1992,12/31/2024,2/26/1992,12/31/2024,8911496.37
390,83621,14744,11,100,ANSS,ANSYS INC,ANSS,513210,Q,A,R,60014586,19779,3,7370,3,241,1,1717,6/20/1996,12/31/2024,6/20/1996,12/31/2024,6/20/1996,12/31/2024,7998974.8
11,11403,9245,11,100,CDNS,CADENCE DESIGN SYSTEMS INC,CDNS,513210,Q,A,R,60018179,24495,3,7372,10,298,1,890,6/10/1987,12/31/2024,6/10/1987,12/31/2024,6/10/1987,12/31/2024,7047028.66
319,76185,26080,11,100,TYL,TYLER TECHNOLOGIES INC,TYL,513210,N,A,R,0,0,1,7372,7,396,1,0,5/22/1990,12/31/2024,5/22/1990,12/31/2024,5/22/1990,12/31/2024,5302490.79
421,86211,16149,11,100,MSTR,MICROSTRATEGY INC,MSTR,513210,Q,A,R,60015980,21606,3,7372,7,253,1,1993,6/11/1998,12/31/2024,6/11/1998,12/31/2024,6/11/1998,12/31/2024,1859696
320,76226,21866,11,100,PARA,PARAMOUNT GLOBAL,PARA,516120,Q,A,R,60060085,50610,3,4833,17,392,1,118,6/14/1990,12/31/2024,6/14/1990,12/31/2024,6/14/1990,12/31/2024,25239334.64
470,89525,43613,11,100,CMCSA,COMCAST CORP NEW,CMCSA,516210,Q,A,R,70011015,1230,3,4841,4,110,1,1296,11/19/2002,12/31/2024,11/19/2002,12/31/2024,11/19/2002,12/31/2024,163396950.9
24,12308,17322,11,100,CHTR,CHARTER COMMUNICATIONS INC NEW,CHTR,516210,Q,A,R,60017317,65347,3,4841,5,82,1,512,9/14/2010,12/31/2024,9/14/2010,12/31/2024,9/14/2010,12/31/2024,76842978.77
394,84176,31806,11,100,SSP,E W SCRIPPS CO,SSP,516210,Q,A,R,60020146,26972,3,2711,9,296,1,121,11/14/1996,12/31/2024,11/14/1996,12/31/2024,11/14/1996,12/31/2024,1380269.25
508,91937,52120,11,100,TMUS,T MOBILE U S INC,TMUS,517112,Q,A,R,60056450,57179,3,4812,6,206,1,263,4/19/2007,12/31/2024,4/19/2007,12/31/2024,4/19/2007,12/31/2024,48029264.39
264,60599,20421,11,100,LUMN,LUMEN TECHOLOGIES INC,LUMN,517112,N,A,R,0,0,1,4812,15,456,1,0,12/14/1972,12/31/2024,12/14/1972,12/31/2024,12/14/1972,12/31/2024,13858591.5
288,65875,20288,11,100,VZ,VERIZON COMMUNICATIONS INC,VZ,517121,N,A,R,0,0,1,4813,13,424,1,0,2/16/1984,12/31/2024,2/16/1984,12/31/2024,2/16/1984,12/31/2024,222502683.7
289,66093,21645,11,100,T,A T & T INC,T,517121,N,A,R,0,0,1,4812,12,423,1,0,2/16/1984,12/31/2024,2/16/1984,12/31/2024,2/16/1984,12/31/2024,202381534.9
205,44644,20235,11,100,ADP,AUTOMATIC DATA PROCESSING INC,ADP,518210,Q,A,R,60017914,24154,3,7374,10,411,1,726,6/26/1967,12/31/2024,6/26/1967,12/31/2024,6/26/1967,12/31/2024,46461150
6,10696,8598,11,100,FI,FISERV INC,FI,518210,N,A,R,60008548,11354,1,7374,4,292,1,1799,9/25/1986,12/31/2024,9/25/1986,12/31/2024,9/25/1986,12/31/2024,23131770
521,93089,53256,11,100,VRSK,VERISK ANALYTICS INC,VRSK,518210,Q,A,R,60069043,64963,3,9999,4,141,1,440,10/7/2009,12/31/2024,10/7/2009,12/31/2024,10/7/2009,12/31/2024,13573609.12
453,88873,41168,11,100,GPN,GLOBAL PAYMENTS INC,GPN,518210,N,A,R,0,0,1,7374,8,297,1,0,2/1/2001,12/31/2024,2/1/2001,12/31/2024,2/1/2001,12/31/2024,10835638.5
506,91849,51962,11,100,BR,BROADRIDGE FINANCIAL SOLUTNS INC,BR,518210,N,A,R,0,0,1,7374,7,219,1,0,4/2/2007,12/31/2024,4/2/2007,12/31/2024,4/2/2007,12/31/2024,7850812.54
388,83597,31661,11,100,FDS,FACTSET RESEARCH SYSTEMS INC,FDS,518210,N,A,R,0,0,1,7374,8,354,1,0,6/28/1996,12/31/2024,6/28/1996,12/31/2024,6/28/1996,12/31/2024,6556058
41,13407,54084,11,100,META,META PLATFORMS INC,META,519290,Q,A,R,60072175,70352,3,7375,6,111,1,627,5/18/2012,12/31/2024,5/18/2012,12/31/2024,5/18/2012,12/31/2024,275088440
423,86288,16188,11,100,CSGP,COSTAR GROUP INC,CSGP,519290,Q,A,R,60016019,21651,3,6531,7,233,1,1808,7/1/1998,12/31/2024,7/1/1998,12/31/2024,7/1/1998,12/31/2024,6069606.574
212,47896,20436,11,100,JPM,JPMORGAN CHASE & CO,JPM,522110,N,A,R,0,0,1,6021,18,459,1,0,3/5/1969,12/31/2024,3/5/1969,12/31/2024,3/5/1969,12/31/2024,312131968.7
184,38703,21305,11,100,WFC,WELLS FARGO & CO NEW,WFC,522110,N,A,R,0,0,1,6021,8,467,1,0,12/10/1962,12/31/2024,12/10/1962,12/31/2024,12/10/1962,12/31/2024,281248968
259,59408,3151,11,100,BAC,BANK OF AMERICA CORP,BAC,522110,N,A,R,60003150,4005,1,6029,15,450,1,0,12/14/1972,12/31/2024,12/14/1972,12/31/2024,12/14/1972,12/31/2024,227666708.9
300,70519,20483,11,100,C,CITIGROUP INC,C,522110,N,A,R,99995023,0,1,6021,17,423,1,0,10/29/1986,12/31/2024,10/29/1986,12/31/2024,10/29/1986,12/31/2024,172665140.7
290,66157,1645,11,100,USB,U S BANCORP DEL,USB,522110,N,A,R,60001644,2104,1,6021,14,442,1,18,12/14/1972,12/31/2024,12/14/1972,12/31/2024,12/14/1972,12/31/2024,87465326.96
262,60442,3685,11,100,PNC,P N C FINANCIAL SERVICES GRP INC,PNC,522110,N,A,R,70044824,4693,1,6021,9,442,1,175,12/14/1972,12/31/2024,12/14/1972,12/31/2024,12/14/1972,12/31/2024,57392640.94
222,49656,20265,11,100,BK,BANK OF NEW YORK MELLON CORP,BK,522110,N,A,R,0,0,1,6022,4,447,1,0,12/4/1969,12/31/2024,12/4/1969,12/31/2024,12/4/1969,12/31/2024,50709882.52
368,81055,30513,11,100,COF,CAPITAL ONE FINANCIAL CORP,COF,522110,N,A,R,0,0,1,6021,11,376,1,0,11/16/1994,12/31/2024,11/16/1994,12/31/2024,11/16/1994,12/31/2024,42862089.87
303,71563,4163,11,100,TFC,TRUIST FINANCIAL CORP,TFC,522110,N,A,R,60004162,5272,1,6712,18,468,1,57,12/14/1972,12/31/2024,12/14/1972,12/31/2024,12/14/1972,12/31/2024,38120699.52
65,14776,54936,11,100,SYF,SYNCHRONY FINANCIAL,SYF,522110,N,A,R,0,0,1,6021,5,130,1,0,7/31/2014,12/31/2024,7/31/2014,12/31/2024,7/31/2014,12/31/2024,30591769.96
304,72726,4260,11,100,STT,STATE STREET CORP,STT,522110,N,A,R,60004259,5408,1,6022,7,438,1,252,12/14/1972,12/31/2024,12/14/1972,12/31/2024,12/14/1972,12/31/2024,30569498.75
511,92121,52396,11,100,DFS,DISCOVER FINANCIAL SERVICES,DFS,522110,N,A,R,0,0,1,6022,10,220,1,0,7/2/2007,12/31/2024,7/2/2007,12/31/2024,7/2/2007,12/31/2024,28684639.27
177,35554,1689,11,100,MTB,M & T BANK CORP,MTB,522110,N,A,R,60001688,2159,1,6022,9,443,1,73,12/14/1972,12/31/2024,12/14/1972,12/31/2024,12/14/1972,12/31/2024,24302381.81
251,58246,3275,11,100,NTRS,NORTHERN TRUST CORP,NTRS,522110,Q,A,R,60003274,4162,3,6020,6,230,1,1825,12/14/1972,12/31/2024,12/14/1972,12/31/2024,12/14/1972,12/31/2024,20492152.2
173,34746,1741,11,100,FITB,FIFTH THIRD BANCORP,FITB,522110,Q,A,R,60001740,2239,3,6711,3,297,1,1827,4/23/1975,12/31/2024,4/23/1975,12/31/2024,4/23/1975,12/31/2024,20300456.95
285,64995,2535,11,100,KEY,KEYCORP NEW,KEY,522110,N,A,R,60002534,3234,1,6021,8,442,1,7,12/14/1972,12/31/2024,12/14/1972,12/31/2024,12/14/1972,12/31/2024,19733801.12
68,14889,55006,11,100,CFG,CITIZENS FINANCIAL GROUP INC,CFG,522110,N,A,R,0,0,1,6022,6,130,1,0,9/24/2014,12/31/2024,9/24/2014,12/31/2024,9/24/2014,12/31/2024,18355945.08
176,35044,1620,11,100,RF,REGIONS FINANCIAL CORP NEW,RF,522110,N,A,R,60001619,2073,1,6022,8,385,1,714,12/14/1972,12/31/2024,12/14/1972,12/31/2024,12/14/1972,12/31/2024,17762969.25
197,42906,2093,11,100,HBAN,HUNTINGTON BANCSHARES INC,HBAN,522110,Q,A,R,70025504,2672,3,6020,5,293,1,1840,12/14/1972,12/31/2024,12/14/1972,12/31/2024,12/14/1972,12/31/2024,14461377.48
141,25081,1261,11,100,CMA,COMERICA INC,CMA,522110,N,A,R,60001260,1617,1,6021,8,453,1,124,12/14/1972,12/31/2024,12/14/1972,12/31/2024,12/14/1972,12/31/2024,11879256.48
393,84129,5057,11,100,ZION,ZIONS BANCORPORATION N A,ZION,522110,Q,A,R,60005056,6371,3,6021,6,316,1,1805,12/14/1972,12/31/2024,12/14/1972,12/31/2024,12/14/1972,12/31/2024,8769210.3
102,20053,781,11,100,SNV,SYNOVUS FINANCIAL CORP,SNV,522110,N,A,R,60000780,999,1,6022,10,446,1,38,8/10/1978,12/31/2024,8/10/1978,12/31/2024,8/10/1978,12/31/2024,5036272.82
179,36397,1856,11,100,FHN,FIRST HORIZON CORP,FHN,522110,N,A,R,60001855,2383,1,6021,9,407,1,520,12/14/1972,12/31/2024,12/14/1972,12/31/2024,12/14/1972,12/31/2024,4664700
377,82107,2253,11,100,WABC,WESTAMERICA BANCORPORATION,WABC,522110,Q,A,R,60012890,17593,3,6020,9,313,1,1705,10/15/1976,12/31/2024,10/15/1976,12/31/2024,10/15/1976,12/31/2024,1636027.05
256,59176,90,11,100,AXP,AMERICAN EXPRESS CO,AXP,522291,N,A,R,60000089,126,1,6141,14,453,1,0,12/14/1972,12/31/2024,12/14/1972,12/31/2024,12/14/1972,12/31/2024,68964464.25
372,81593,5849,11,100,COOP,MR COOPER GROUP INC,COOP,522292,Q,A,R,60075363,76220,3,6035,14,285,1,688,3/11/1983,12/31/2024,3/11/1983,12/31/2024,3/11/1983,12/31/2024,319890.55
501,91461,51196,11,100,WU,WESTERN UNION CO,WU,522320,N,A,R,0,0,1,6099,3,222,1,0,10/2/2006,12/31/2024,10/2/2006,12/31/2024,10/2/2006,12/31/2024,10652264.35
428,86868,35048,11,100,GS,GOLDMAN SACHS GROUP INC,GS,523150,N,A,R,0,0,1,6211,12,321,1,0,5/4/1999,12/31/2024,5/4/1999,12/31/2024,5/4/1999,12/31/2024,96060072.91
295,69032,21224,11,100,MS,MORGAN STANLEY DEAN WITTER & CO,MS,523150,N,A,R,0,0,1,6211,16,422,1,0,3/21/1986,12/31/2024,3/21/1986,12/31/2024,3/21/1986,12/31/2024,80624944.05
307,75186,21578,11,100,SCHW,SCHWAB CHARLES CORP NEW,SCHW,523150,N,A,R,60020008,26796,1,6211,10,410,1,458,9/22/1987,12/31/2024,9/22/1987,12/31/2024,9/22/1987,12/31/2024,53292014.4
296,69649,6137,11,100,RJF,RAYMOND JAMES FINANCIAL INC,RJF,523150,N,A,R,60006115,7677,1,6211,8,431,1,33,7/1/1983,12/31/2024,7/1/1983,12/31/2024,7/1/1983,12/31/2024,9892539.28
409,85593,32136,11,100,AMG,AFFILIATED MANAGERS GROUP INC,AMG,523150,N,A,R,0,0,1,6282,8,335,1,0,11/21/1997,12/31/2024,11/21/1997,12/31/2024,11/21/1997,12/31/2024,7991769.882
103,20415,21097,11,100,JEF,JEFFERIES FINANCIAL GROUP INC,JEF,523150,N,A,R,0,0,1,6211,18,492,1,0,1/8/1937,12/31/2024,1/8/1937,12/31/2024,1/8/1937,12/31/2024,7478212.257
525,93429,53447,11,100,CBOE,C B O E GLOBAL MARKETS INC,CBOE,523150,B,A,R,60069790,66182,5,6211,7,155,1,292,6/15/2010,12/31/2024,6/15/2010,12/31/2024,6/15/2010,12/31/2024,5934617.85
483,90454,45878,11,100,MKTX,MARKETAXESS HLDGS INC,MKTX,523150,Q,A,R,60057284,45017,3,6211,5,186,1,929,11/5/2004,12/31/2024,11/5/2004,12/31/2024,11/5/2004,12/31/2024,5638357.545
292,66325,6412,11,100,SLM,S L M CORP,SLM,523150,Q,A,R,60020091,26900,3,6141,13,340,1,267,9/23/1983,12/31/2024,9/23/1983,12/31/2024,9/23/1983,12/31/2024,4868015
62,14601,54824,11,100,NAVI,NAVIENT CORP,NAVI,523150,Q,A,R,60074151,73990,3,9999,6,59,1,179,5/1/2014,12/31/2024,5/1/2014,12/31/2024,5/1/2014,12/31/2024,4836420
472,89626,43791,11,100,CME,C M E GROUP INC,CME,523210,Q,A,R,60053208,39455,3,6200,6,223,1,564,12/6/2002,12/31/2024,12/6/2002,12/31/2024,12/6/2002,12/31/2024,38694656
494,90993,48793,11,100,ICE,INTERCONTINENTALEXCHANGE GRP INC,ICE,523210,N,A,R,0,0,1,6231,3,234,1,0,11/16/2005,12/31/2024,11/16/2005,12/31/2024,11/16/2005,12/31/2024,33488904.72
487,90601,46282,11,100,NDAQ,NASDAQ INC,NDAQ,523210,Q,A,R,60052274,38141,3,6200,5,189,1,1015,2/10/2005,12/31/2024,2/10/2005,12/31/2024,2/10/2005,12/31/2024,11107487.72
434,87267,36336,11,100,BLK,BLACKROCK INC NEW,BLK,523940,N,A,R,0,0,1,6282,8,314,1,0,10/1/1999,12/31/2024,10/1/1999,12/31/2024,10/1/1999,12/31/2024,62628322.05
88,17478,21179,11,100,SPGI,S & P GLOBAL INC,SPGI,523940,N,A,R,0,0,1,6282,17,505,1,0,2/14/1929,12/31/2024,2/14/1929,12/31/2024,2/14/1929,12/31/2024,28083849
181,37584,6407,11,100,BEN,FRANKLIN RESOURCES INC,BEN,523940,N,A,R,60006382,8079,1,6282,12,435,1,95,9/23/1983,12/31/2024,9/23/1983,12/31/2024,9/23/1983,12/31/2024,23002514.64
2,10138,8087,11,100,TROW,T ROWE PRICE GROUP INC,TROW,523940,Q,A,R,60008040,10609,3,6211,7,284,1,1717,4/2/1986,12/31/2024,4/2/1986,12/31/2024,4/2/1986,12/31/2024,18564418.56
510,92108,52388,11,100,BX,BLACKSTONE INC,BX,523940,N,A,R,0,0,1,6282,5,217,1,0,6/22/2007,12/31/2024,6/22/2007,12/31/2024,6/22/2007,12/31/2024,16084358.8
20,11990,53463,11,100,KKR,K K R & CO INC,KKR,523940,N,A,R,0,0,1,6282,8,183,1,0,7/15/2010,12/31/2024,7/15/2010,12/31/2024,7/15/2010,12/31/2024,7116075.73
31,12591,53688,11,100,APO,APOLLO GLOBAL MANAGEMENT INC NEW,APO,523940,N,A,R,0,0,1,6282,5,171,1,0,3/30/2011,12/31/2024,3/30/2011,12/31/2024,3/30/2011,12/31/2024,3650246.4
418,86102,34765,11,100,FHI,FEDERATED HERMES INC,FHI,523940,N,A,R,0,0,1,6282,8,330,1,0,5/14/1998,12/31/2024,5/14/1998,12/31/2024,5/14/1998,12/31/2024,2934506.52
443,87842,37138,11,100,MET,METLIFE INC,MET,524113,N,A,R,0,0,1,6311,7,305,1,0,4/5/2000,12/31/2024,4/5/2000,12/31/2024,4/5/2000,12/31/2024,53478073.39
465,89258,42524,11,100,PRU,PRUDENTIAL FINANCIAL INC,PRU,524113,N,A,R,0,0,1,6311,6,286,1,0,12/13/2001,12/31/2024,12/13/2001,12/31/2024,12/13/2001,12/31/2024,45089800
218,49015,21105,11,100,LNC,LINCOLN NATIONAL CORP,LNC,524113,N,A,R,0,0,1,6311,6,445,1,0,8/20/1969,12/31/2024,8/20/1969,12/31/2024,8/20/1969,12/31/2024,15292949.6
124,23473,912,11,100,CINF,CINCINNATI FINANCIAL CORP,CINF,524113,Q,A,R,60000911,1169,3,6330,6,321,1,1862,12/14/1972,12/31/2024,12/14/1972,12/31/2024,12/14/1972,12/31/2024,12459876
277,62308,21764,11,100,GL,GLOBE LIFE INC,GL,524113,N,A,R,0,0,1,6311,11,434,1,0,12/14/1972,12/31/2024,12/14/1972,12/31/2024,12/14/1972,12/31/2024,8771051.52
477,90162,45174,11,100,GNW,GENWORTH FINANCIAL INC,GNW,524113,N,A,R,0,0,1,6399,4,253,1,0,5/25/2004,12/31/2024,5/25/2004,12/31/2024,5/25/2004,12/31/2024,2270974.05
519,92655,7267,11,100,UNH,UNITEDHEALTH GROUP INC,UNH,524114,N,A,R,60007233,9402,1,6324,7,420,1,180,10/17/1984,12/31/2024,10/17/1984,12/31/2024,10/17/1984,12/31/2024,153670693.2
460,89179,42273,11,100,ELV,ELEVANCE HEALTH INC,ELV,524114,N,A,R,0,0,1,6321,11,290,1,0,10/30/2001,12/31/2024,10/30/2001,12/31/2024,10/30/2001,12/31/2024,37734432.03
280,64186,20357,11,100,CI,CIGNA GROUP,CI,524114,N,A,R,0,0,1,6324,8,427,1,0,4/20/1982,12/31/2024,4/20/1982,12/31/2024,4/20/1982,12/31/2024,34844617.08
216,48653,20950,11,100,HUM,HUMANA INC,HUM,524114,N,A,R,0,0,1,6321,7,456,1,0,7/2/1969,12/31/2024,7/2/1969,12/31/2024,7/2/1969,12/31/2024,29463848.61
250,57904,92,11,100,AFL,AFLAC INC,AFL,524114,N,A,R,60000091,128,1,6321,5,459,1,0,8/23/1973,12/31/2024,8/23/1973,12/31/2024,8/23/1973,12/31/2024,28473276.54
461,89195,42285,11,100,PFG,PRINCIPAL FINANCIAL GROUP INC,PFG,524114,Q,A,R,60050463,35611,3,6321,7,266,1,135,10/23/2001,12/31/2024,10/23/2001,12/31/2024,10/23/2001,12/31/2024,16852352.98
302,71175,21798,11,100,UNM,UNUM GROUP,UNM,524114,N,A,R,0,0,1,6321,7,411,1,0,11/6/1986,12/31/2024,11/6/1986,12/31/2024,11/6/1986,12/31/2024,10278229.32
466,89269,42540,11,100,CNC,CENTENE CORP DEL,CNC,524114,N,A,R,60050794,36078,1,6324,5,282,1,181,12/13/2001,12/31/2024,12/13/2001,12/31/2024,12/13/2001,12/31/2024,9964712.52
294,66800,137,11,100,AIG,AMERICAN INTERNATIONAL GROUP INC,AIG,524126,N,A,R,60000136,186,1,6331,9,449,1,25,12/14/1972,12/31/2024,12/14/1972,12/31/2024,12/14/1972,12/31/2024,66887031.2
260,59459,4293,11,100,TRV,TRAVELERS COMPANIES INC,TRV,524126,N,A,R,60004292,5448,1,6331,8,445,1,189,12/14/1972,12/31/2024,12/14/1972,12/31/2024,12/14/1972,12/31/2024,34342733.1
352,79323,29870,11,100,ALL,ALLSTATE CORP,ALL,524126,N,A,R,0,0,1,6331,3,381,1,0,6/3/1993,12/31/2024,6/3/1993,12/31/2024,6/3/1993,12/31/2024,27312879.99
283,64390,3682,11,100,PGR,PROGRESSIVE CORP OH,PGR,524126,N,A,R,60003681,4687,1,6331,7,448,1,92,12/14/1972,12/31/2024,12/14/1972,12/31/2024,12/14/1972,12/31/2024,20603847
386,82775,31386,11,100,HIG,HARTFORD FINANCIAL SVCS GRP INC,HIG,524126,N,A,R,0,0,1,6331,9,361,1,0,12/20/1995,12/31/2024,12/20/1995,12/31/2024,12/20/1995,12/31/2024,18036798.5
151,26710,21111,11,100,L,LOEWS CORP,L,524126,N,A,R,0,0,1,6331,13,462,1,0,3/9/1959,12/31/2024,3/9/1959,12/31/2024,3/9/1959,12/31/2024,15904464.8
90,17743,544,11,100,WRB,BERKLEY W R CORP,WRB,524126,N,A,R,60000543,711,1,6331,8,401,1,792,10/23/1973,12/31/2024,10/23/1973,12/31/2024,10/23/1973,12/31/2024,8094298.68
331,76804,29067,11,100,MTG,M G I C INVESTMENT CORP WIS,MTG,524126,N,A,R,0,0,1,6351,3,388,1,0,8/7/1991,12/31/2024,8/7/1991,12/31/2024,8/7/1991,12/31/2024,3549708.46
206,45751,21158,11,100,MMC,MARSH & MCLENNAN COS INC,MMC,524210,N,A,R,0,0,1,6411,8,453,1,0,2/16/1968,12/31/2024,2/16/1968,12/31/2024,2/16/1968,12/31/2024,34993364.78
182,38093,7094,11,100,AJG,GALLAGHER ARTHUR J & CO,AJG,524210,N,A,R,60007062,9122,1,6411,4,418,1,49,6/20/1984,12/31/2024,6/20/1984,12/31/2024,6/20/1984,12/31/2024,9304570.88
279,63467,3624,11,100,BRO,BROWN & BROWN INC,BRO,524210,N,A,R,60003623,4613,1,6411,7,405,1,128,1/23/1981,12/31/2024,1/23/1981,12/31/2024,1/23/1981,12/31/2024,6284167.38
475,90038,44893,11,100,AIZ,ASSURANT INC,AIZ,524210,N,A,R,0,0,1,6411,7,259,1,0,2/5/2004,12/31/2024,2/5/2004,12/31/2024,2/5/2004,12/31/2024,5366063.56
379,82486,14013,11,100,ERIE,ERIE INDEMNITY CO,ERIE,524210,Q,A,R,70018394,18899,3,6410,3,224,1,2138,10/2/1995,12/31/2024,10/2/1995,12/31/2024,10/2/1995,12/31/2024,5169934.77
478,90199,45270,11,100,CBRE,C B R E GROUP INC,CBRE,531210,N,A,R,0,0,1,6531,9,256,1,0,6/10/2004,12/31/2024,6/10/2004,12/31/2024,6/10/2004,12/31/2024,10647898.03
145,25487,6391,11,100,CAR,AVIS BUDGET GROUP INC,CAR,532111,Q,A,R,60062503,53938,3,6531,13,397,1,498,9/14/1983,12/31/2024,9/14/1983,12/31/2024,9/14/1983,12/31/2024,3222420
154,27633,21541,11,100,R,RYDER SYSTEMS INC,R,532120,N,A,R,0,0,1,7513,9,468,1,0,9/19/1960,12/31/2024,9/19/1960,12/31/2024,9/19/1960,12/31/2024,4028813.8
468,89393,43145,11,100,NFLX,NETFLIX INC,NFLX,532282,Q,A,R,60051966,37685,3,7841,5,159,1,1441,5/23/2002,12/31/2024,5/23/2002,12/31/2024,5/23/2002,12/31/2024,54827584.46
412,85663,32191,11,100,URI,UNITED RENTALS INC,URI,532490,N,A,R,0,0,1,7359,7,330,1,0,12/18/1997,12/31/2024,12/18/1997,12/31/2024,12/18/1997,12/31/2024,9206525.44
220,49373,20309,11,100,HRB,BLOCK H & R INC,HRB,541213,N,A,R,0,0,1,7291,6,443,1,0,10/13/1969,12/31/2024,10/13/1969,12/31/2024,10/13/1969,12/31/2024,4745050.47
273,61621,6333,11,100,PAYX,PAYCHEX INC,PAYX,541219,Q,A,R,60006308,7981,3,8700,5,267,1,1954,8/26/1983,12/31/2024,8/26/1983,12/31/2024,8/26/1983,12/31/2024,22082410.06
232,52329,21011,11,100,J,JACOBS SOLUTIONS INC,J,541330,N,A,R,0,0,1,8711,7,451,1,0,4/27/1971,12/31/2024,4/27/1971,12/31/2024,4/27/1971,12/31/2024,5637378.036
446,88281,37660,11,100,CRL,CHARLES RIVER LABS INTL INC,CRL,541380,N,A,R,0,0,1,8734,10,304,1,0,6/23/2000,12/31/2024,6/23/2000,12/31/2024,6/23/2000,12/31/2024,3622088.37
481,90319,45483,11,100,GOOGL,ALPHABET INC,GOOGL,541511,Q,A,R,60056743,44290,3,7375,9,190,1,1244,8/19/2004,12/31/2024,8/19/2004,12/31/2024,8/19/2004,12/31/2024,239972508.9
420,86158,16167,11,100,CTSH,COGNIZANT TECHNOLOGY SOLS CORP,CTSH,541511,Q,A,R,60015998,21626,3,7370,2,222,1,1624,6/19/1998,12/31/2024,6/19/1998,12/31/2024,6/19/1998,12/31/2024,34364160
44,13628,54213,11,100,WDAY,WORKDAY INC,WDAY,541511,Q,A,R,60072710,71323,3,7372,5,126,1,213,10/12/2012,12/31/2024,10/12/2012,12/31/2024,10/12/2012,12/31/2024,8547500
54,13949,54426,11,100,CDW,C D W CORP NEW,CDW,541511,Q,A,R,60073312,72505,3,9999,1,109,1,309,6/27/2013,12/31/2024,6/27/2013,12/31/2024,6/27/2013,12/31/2024,8261862
413,85753,15940,11,100,VRSN,VERISIGN INC,VRSN,541511,Q,A,R,60015774,21351,3,7372,6,226,1,1877,1/30/1998,12/31/2024,1/30/1998,12/31/2024,1/30/1998,12/31/2024,7969965.21
400,84761,15436,11,100,TTWO,TAKE TWO INTERACTIVE SOFTWR INC,TTWO,541511,Q,A,R,60015268,20661,3,7370,7,245,1,1854,4/15/1997,12/31/2024,4/15/1997,12/31/2024,4/15/1997,12/31/2024,4961277.56
38,13210,53983,11,100,EPAM,EPAM SYSTEMS INC,EPAM,541511,N,A,R,0,0,1,7371,3,158,1,0,2/8/2012,12/31/2024,2/8/2012,12/31/2024,2/8/2012,12/31/2024,3248951.76
60,14579,54812,11,100,PAYC,PAYCOM SOFTWARE INC,PAYC,541511,N,A,R,0,0,1,7371,5,134,1,0,4/15/2014,12/31/2024,4/15/2014,12/31/2024,4/15/2014,12/31/2024,2793358.17
0,10104,8045,11,100,ORCL,ORACLE CORP,ORCL,541512,N,A,R,60007998,10536,1,7379,5,322,1,2083,3/12/1986,12/31/2024,3/12/1986,12/31/2024,3/12/1986,12/31/2024,158145708.1
311,75607,10224,11,100,GEN,GEN DIGITAL INC,GEN,541512,Q,A,R,60010154,13732,3,7372,6,279,1,2095,6/23/1989,12/31/2024,6/23/1989,12/31/2024,6/23/1989,12/31/2024,14851025.35
42,13447,54109,11,100,NOW,SERVICENOW INC,NOW,541512,N,A,R,0,0,1,7379,6,156,1,0,6/29/2012,12/31/2024,6/29/2012,12/31/2024,6/29/2012,12/31/2024,12560392.26
429,86964,16561,11,100,FFIV,F 5 INC,FFIV,541512,Q,A,R,60016997,22929,3,7372,6,231,1,1765,6/4/1999,12/31/2024,6/4/1999,12/31/2024,6/4/1999,12/31/2024,9381302.4
502,91547,51338,11,100,LDOS,LEIDOS HOLDINGS INC,LDOS,541512,N,A,R,0,0,1,7373,7,227,1,0,10/13/2006,12/31/2024,10/13/2006,12/31/2024,10/13/2006,12/31/2024,7661045.8
450,88664,7864,11,100,JKHY,HENRY JACK & ASSOC INC,JKHY,541512,Q,A,R,60007817,10267,3,7373,3,279,1,1750,11/20/1985,12/31/2024,11/20/1985,12/31/2024,11/20/1985,12/31/2024,6899997.36
315,75912,10408,11,100,PTC,P T C INC,PTC,541512,Q,A,R,60010333,14011,3,7372,10,260,1,1954,12/8/1989,12/31/2024,12/8/1989,12/31/2024,12/8/1989,12/31/2024,5391863.84
73,15315,55241,11,100,GDDY,GODADDY INC,GDDY,541512,N,A,R,0,0,1,7373,1,118,1,0,4/1/2015,12/31/2024,4/1/2015,12/31/2024,4/1/2015,12/31/2024,3124392.68
9,10890,21814,11,100,UIS,UNISYS CORP,UIS,541512,N,A,R,0,0,1,7373,11,506,1,0,12/31/1925,12/31/2024,12/31/1925,12/31/2024,12/31/1925,12/31/2024,751245
189,40125,20493,11,100,DXC,D X C TECHNOLOGY CO,DXC,541513,N,A,R,0,0,1,7376,14,465,1,0,1/22/1964,12/31/2024,1/22/1964,12/31/2024,1/22/1964,12/31/2024,7033495.557
51,13911,54401,11,100,IQV,IQVIA HOLDINGS INC,IQV,541715,N,A,R,0,0,1,8731,7,147,1,0,5/9/2013,12/31/2024,5/9/2013,12/31/2024,5/9/2013,12/31/2024,18938781.26
165,30681,1367,11,100,OMC,OMNICOM GROUP INC,OMC,541810,N,A,R,60001366,1752,1,7311,8,446,1,140,12/14/1972,12/31/2024,12/14/1972,12/31/2024,12/14/1972,12/31/2024,20066396.67
238,53065,20997,11,100,IPG,INTERPUBLIC GROUP COS INC,IPG,541810,N,A,R,0,0,1,7311,3,450,1,0,8/23/1971,12/31/2024,8/23/1971,12/31/2024,8/23/1971,12/31/2024,9333705.1
356,79698,12457,11,100,IT,GARTNER INC,IT,541910,N,A,R,60012340,16886,1,8732,9,349,1,187,10/5/1993,12/31/2024,10/5/1993,12/31/2024,10/5/1993,12/31/2024,8249434.6
327,76709,10989,11,100,IDXX,I D E X X LABORATORIES INC,IDXX,541940,Q,A,R,60010896,14903,3,2830,5,266,1,1759,6/21/1991,12/31/2024,6/21/1991,12/31/2024,6/21/1991,12/31/2024,10345742.4
150,26607,4255,11,100,BH,BIGLARI HOLDINGS INC,BH,551112,N,A,R,60004254,5399,1,6719,17,431,1,144,12/14/1972,12/31/2024,12/14/1972,12/31/2024,12/14/1972,12/31/2024,990072.3093
306,75034,20253,11,100,BKR,BAKER HUGHES CO,BKR,561110,Q,A,R,60076218,78324,3,3533,12,402,1,80,4/24/1987,12/31/2024,4/24/1987,12/31/2024,4/24/1987,12/31/2024,27494293.82
137,24459,21411,11,100,PBI,PITNEY BOWES INC,PBI,561311,N,A,R,0,0,1,7361,9,480,1,0,9/18/1950,12/31/2024,9/18/1950,12/31/2024,9/18/1950,12/31/2024,2946137.74
231,52230,469,11,100,RHI,ROBERT HALF INC,RHI,561320,N,A,R,60000468,621,1,7363,15,454,1,84,4/15/1971,12/31/2024,4/15/1971,12/31/2024,4/15/1971,12/31/2024,6413367.36
215,48506,20610,11,100,MCO,MOODYS CORP,MCO,561450,N,A,R,0,0,1,7323,13,453,1,0,6/12/1969,12/31/2024,6/12/1969,12/31/2024,6/12/1969,12/31/2024,18253864
454,89002,41671,11,100,BFH,BREAD FINANCIAL HOLDINGS INC,BFH,561450,N,A,R,0,0,1,7323,8,292,1,0,6/8/2001,12/31/2024,6/8/2001,12/31/2024,6/8/2001,12/31/2024,10665502.26
517,92611,52983,11,100,V,VISA INC,V,561499,N,A,R,0,0,1,7389,6,209,1,0,3/19/2008,12/31/2024,3/19/2008,12/31/2024,3/19/2008,12/31/2024,147469399.5
499,91233,50700,11,100,MA,MASTERCARD INC,MA,561499,N,A,R,0,0,1,7389,6,231,1,0,5/25/2006,12/31/2024,5/25/2006,12/31/2024,5/25/2006,12/31/2024,112714078.1
76,15488,55341,11,100,PYPL,PAYPAL HOLDINGS INC,PYPL,561499,Q,A,R,60075282,76069,3,9999,3,86,1,289,7/20/2015,12/31/2024,7/20/2015,12/31/2024,7/20/2015,12/31/2024,48581750
455,89003,41673,11,100,FIS,FIDELITY NATIONAL INFO SVCS INC,FIS,561499,N,A,R,0,0,1,7389,8,291,1,0,7/9/2001,12/31/2024,7/9/2001,12/31/2024,7/9/2001,12/31/2024,25266991.44
492,90880,47422,11,100,AMP,AMERIPRISE FINANCIAL INC,AMP,561499,N,A,R,0,0,1,7389,8,238,1,0,10/3/2005,12/31/2024,10/3/2005,12/31/2024,10/3/2005,12/31/2024,17677668.8
234,52476,20659,11,100,EFX,EQUIFAX INC,EFX,561499,N,A,R,0,0,1,7389,6,438,1,0,5/11/1971,12/31/2024,5/11/1971,12/31/2024,5/11/1971,12/31/2024,14222816.36
26,12449,53610,11,100,CPAY,CORPAY INC,CPAY,561499,N,A,R,0,0,1,7389,3,172,1,0,12/15/2010,12/31/2024,12/15/2010,12/31/2024,12/15/2010,12/31/2024,13422361.87
515,92402,52840,11,100,MSCI,M S C I INC,MSCI,561499,N,A,R,0,0,1,7389,11,216,1,0,11/15/2007,12/31/2024,11/15/2007,12/31/2024,11/15/2007,12/31/2024,7408500.04
495,91041,50016,11,100,LYV,LIVE NATION ENTERTAINMENT INC,LYV,561499,N,A,R,0,0,1,7389,10,239,1,0,12/22/2005,12/31/2024,12/22/2005,12/31/2024,12/22/2005,12/31/2024,5574173.8
13,11533,9360,11,100,FICO,FAIR ISAAC CORP,FICO,561499,N,A,R,60009304,12449,1,7389,13,395,1,47,7/22/1987,12/31/2024,7/22/1987,12/31/2024,7/22/1987,12/31/2024,3718179.97
80,15850,55487,11,100,MTCH,MATCH GROUP INC NEW,MTCH,561499,Q,A,R,60011790,81645,3,9999,6,88,1,236,11/19/2015,12/31/2024,11/19/2015,12/31/2024,11/19/2015,12/31/2024,793662.01
426,86783,16454,11,100,BKNG,BOOKING HOLDINGS INC,BKNG,561510,Q,A,R,60016867,22700,3,7389,8,222,1,2005,3/30/1999,12/31/2024,3/30/1999,12/31/2024,3/30/1999,12/31/2024,72678710.7
490,90808,47013,11,100,EXPE,EXPEDIA GROUP INC,EXPE,561510,Q,A,R,60059136,48781,3,4833,8,187,1,994,8/9/2005,12/31/2024,8/9/2005,12/31/2024,8/9/2005,12/31/2024,15430366.08
37,13168,53964,11,100,TRIP,TRIPADVISOR INC,TRIP,561510,Q,A,R,60071646,69412,3,9999,2,118,1,508,12/21/2011,12/31/2024,12/21/2011,12/31/2024,12/21/2011,12/31/2024,6238585.61
178,36003,21530,11,100,ROL,ROLLINS INC,ROL,561710,N,A,R,0,0,1,7342,6,455,1,0,7/2/1962,12/31/2024,7/2/1962,12/31/2024,7/2/1962,12/31/2024,7295126.7
19,11955,9804,11,100,WM,WASTE MANAGEMENT INC DEL,WM,562219,N,A,R,60009739,13069,1,4953,7,401,1,133,6/3/1988,12/31/2024,6/3/1988,12/31/2024,6/3/1988,12/31/2024,31170051.56
422,86228,34838,11,100,RSG,REPUBLIC SERVICES INC,RSG,562219,N,A,R,0,0,1,4953,3,323,1,0,7/1/1998,12/31/2024,7/1/1998,12/31/2024,7/1/1998,12/31/2024,19333638.94
239,53225,21888,11,100,GHC,GRAHAM HOLDINGS CO,GHC,611699,N,A,R,0,0,1,8299,8,427,1,0,9/15/1971,12/31/2024,9/15/1971,12/31/2024,9/15/1971,12/31/2024,2434739.907
326,76708,10992,11,100,ATGE,ADTALEM GLOBAL EDUCATION INC,ATGE,611699,N,A,R,60010899,14907,1,8299,11,381,1,53,6/21/1991,12/31/2024,6/21/1991,12/31/2024,6/21/1991,12/31/2024,1963231.05
473,89781,44184,11,100,MOH,MOLINA HEALTHCARE INC,MOH,621111,N,A,R,0,0,1,8011,4,262,1,0,7/2/2003,12/31/2024,7/2/2003,12/31/2024,7/2/2003,12/31/2024,3045037.39
378,82307,30975,11,100,DVA,DAVITA INC,DVA,621492,N,A,R,0,0,1,8092,9,364,1,0,10/31/1995,12/31/2024,10/31/1995,12/31/2024,10/31/1995,12/31/2024,13068640.02
396,84373,31838,11,100,DGX,QUEST DIAGNOSTICS INC,DGX,621511,N,A,R,0,0,1,8071,3,343,1,0,1/14/1997,12/31/2024,1/14/1997,12/31/2024,1/14/1997,12/31/2024,12817268
23,12062,9848,11,100,LH,LABCORP HOLDINGS INC,LH,621511,N,A,R,60009782,13132,1,8071,10,406,1,52,7/7/1988,12/31/2024,7/7/1988,12/31/2024,7/7/1988,12/31/2024,11301381.86
32,12622,53696,11,100,HCA,H C A HEALTHCARE INC,HCA,622110,N,A,R,0,0,1,8062,4,170,1,0,3/10/2011,12/31/2024,3/10/2011,12/31/2024,3/10/2011,12/31/2024,27899119.56
354,79637,4655,11,100,UHS,UNIVERSAL HEALTH SERVICES INC,UHS,622110,N,A,R,60004654,5900,1,8062,5,433,1,257,7/9/1981,12/31/2024,7/9/1981,12/31/2024,7/9/1981,12/31/2024,9568578.99
233,52337,21258,11,100,THC,TENET HEALTHCARE CORP,THC,622110,N,A,R,0,0,1,8062,8,459,1,0,4/28/1971,12/31/2024,4/28/1971,12/31/2024,4/28/1971,12/31/2024,1534394.4
5,10693,8596,11,100,EHC,ENCOMPASS HEALTH CORP,EHC,622310,N,A,R,60008546,11349,1,8069,9,373,1,88,9/24/1986,12/31/2024,9/24/1986,12/31/2024,9/24/1986,12/31/2024,3002085.982
67,14882,55000,11,100,CZR,CAESARS ENTERTAINMENT INC DE,CZR,711219,Q,A,R,2003912,74191,3,9999,4,94,1,291,9/22/2014,12/31/2024,9/22/2014,12/31/2024,9/22/2014,12/31/2024,803157.3
149,26403,20587,11,100,DIS,DISNEY WALT CO,DIS,713110,N,A,R,0,0,1,7996,13,486,1,0,11/12/1957,12/31/2024,11/12/1957,12/31/2024,11/12/1957,12/31/2024,168822182.9
485,90505,46024,11,100,LVS,LAS VEGAS SANDS CORP,LVS,721110,N,A,R,0,0,1,7011,4,244,1,0,12/15/2004,12/31/2024,12/15/2004,12/31/2024,12/15/2004,12/31/2024,42386364.02
415,85913,30005,11,100,MAR,MARRIOTT INTERNATIONAL INC NEW,MAR,721110,Q,A,R,60019286,25894,3,7011,4,297,1,294,3/30/1998,12/31/2024,3/30/1998,12/31/2024,3/30/1998,12/31/2024,31643782.5
58,14338,54672,11,100,HLT,HILTON WORLDWIDE HOLDINGS INC,HLT,721110,N,A,R,0,0,1,7011,2,135,1,0,12/12/2013,12/31/2024,12/12/2013,12/31/2024,12/12/2013,12/31/2024,18787104.01
18,11891,9764,11,100,MGM,M G M RESORTS INTERNATIONAL,MGM,721110,N,A,R,60009700,13015,1,7011,10,408,1,24,5/2/1988,12/31/2024,5/2/1988,12/31/2024,5/2/1988,12/31/2024,16902859.16
471,89533,43620,11,100,WYNN,WYNN RESORTS LTD,WYNN,721110,Q,A,R,60053039,39178,3,7990,4,211,1,1321,10/25/2002,12/31/2024,10/25/2002,12/31/2024,10/25/2002,12/31/2024,8903340.54
367,80563,13115,11,100,PENN,PENN ENTERTAINMENT INC,PENN,721110,Q,A,R,60012982,17724,3,7948,5,261,1,1872,5/26/1994,12/31/2024,5/26/1994,12/31/2024,5/26/1994,12/31/2024,1284820.2
200,43449,21177,11,100,MCD,MCDONALDS CORP,MCD,722511,N,A,R,0,0,1,5812,6,466,1,0,7/5/1966,12/31/2024,7/5/1966,12/31/2024,7/5/1966,12/31/2024,99337711.28
343,77702,11592,11,100,SBUX,STARBUCKS CORP,SBUX,722511,Q,A,R,60011489,15722,3,5810,5,266,1,2186,6/26/1992,12/31/2024,6/26/1992,12/31/2024,6/26/1992,12/31/2024,80656020
407,85348,32093,11,100,YUM,YUM BRANDS INC,YUM,722511,N,A,R,0,0,1,5812,6,336,1,0,10/7/1997,12/31/2024,10/7/1997,12/31/2024,10/7/1997,12/31/2024,23198449.26
496,91068,50184,11,100,CMG,CHIPOTLE MEXICAN GRILL INC,CMG,722511,N,A,R,0,0,1,5812,4,234,1,0,1/26/2006,12/31/2024,1/26/2006,12/31/2024,1/26/2006,12/31/2024,10849216.44
373,81655,30886,11,100,DRI,DARDEN RESTAURANTS INC,DRI,722511,N,A,R,0,0,1,5812,4,362,1,0,5/30/1995,12/31/2024,5/30/1995,12/31/2024,5/30/1995,12/31/2024,8869216.86
229,51625,21599,11,100,SCI,SERVICE CORP INTERNATIONAL,SCI,812210,N,A,R,0,0,1,7261,7,446,1,0,12/7/1970,12/31/2024,12/7/1970,12/31/2024,12/7/1970,12/31/2024,5487988.09
464,89244,42430,11,100,WW,W W INTERNATIONAL INC,WW,812990,Q,A,R,60050560,35763,3,7299,9,267,1,137,11/15/2001,12/31/2024,11/15/2001,12/31/2024,11/15/2001,12/31/2024,707746.08
